"time"	"cell.id"	"cell.id"	"cell.center.x"	"cell.center.y"	"velocity.x"	"velocity.y"	"speed"	"time"
0	19	19	124	263	0	0	0	0
10	19	19	122.6153846	263.1923077	-0.1384615385	0.01923076923	0	10
20	19	19	122.6464646	264.5252525	0.003108003108	0.1332944833	0.1397906296	20
30	19	19	122.1081081	265.277027	-0.05383565384	0.07517745018	0.1333307127	30
40	19	19	122.5298013	266.0397351	0.04216932164	0.07627080723	0.09246581335	40
50	19	19	122.5821918	266.869863	0.005239045632	0.08301279144	0.08715209535	50
60	19	19	122.1699346	267.9607843	-0.04122571403	0.10909213	0.08317794865	60
70	19	19	122.1275168	268.7315436	-0.0042417862	0.07707593104	0.1166218347	70
80	19	19	121.8456376	269.2684564	-0.02818791946	0.05369127517	0.07719256374	80
90	19	19	122.0980392	270.0392157	0.02524016318	0.07707593104	0.06064084294	90
100	19	19	122.1351351	271.0878378	0.003709591945	0.1048622152	0.08110342153	100
110	19	19	121.68	271.5333333	-0.04551351351	0.04454954955	0.1049278097	110
120	19	19	121.0067568	271.8040541	-0.06732432432	0.02707207207	0.06368785031	120
130	19	19	120.9605263	272.2039474	-0.004623044097	0.03998933144	0.07256350138	130
140	19	19	119.9271523	272.3178808	-0.1033373998	0.01139334263	0.04025567246	140
150	19	19	119.4569536	273.1125828	-0.04701986755	0.07947019868	0.1039635823	150
160	19	19	119.538961	273.487013	0.008200739658	0.03744302056	0.09233840166	160
170	19	19	119.5170068	273.0748299	-0.002195423624	-0.0412183055	0.03833056117	170
180	19	19	119.06	273.2333333	-0.04570068027	0.01585034014	0.04127673187	180
190	19	19	118.8980892	273.1719745	-0.0161910828	-0.006135881104	0.0483713289	190
200	19	19	119.5263158	272.4802632	0.06282266175	-0.06917113644	0.01731473936	200
210	19	19	119.9530201	271.2818792	0.04267043448	-0.1198383963	0.09344160179	210
220	19	19	120.7248322	271.2818792	0.07718120805	0	0.1272085186	220
230	19	19	122.2808219	270.760274	0.1555989703	-0.0521605222	0.07718120805	230
240	19	19	122.7419355	270.4580645	0.04611135661	-0.03022094565	0.1641089871	240
250	19	19	123.6883117	269.5779221	0.09463762044	-0.08801424382	0.05513222981	250
260	19	19	124.6556291	269.5430464	0.09673174508	-0.003487572031	0.12923926	260
270	19	19	125.3448276	269.3655172	0.06891984471	-0.01775291162	0.09679459522	270
280	19	19	125.24	269.4466667	-0.01048275862	0.008114942529	0.07116959229	280
290	19	19	126.6232877	269.5410959	0.1383287671	0.009442922374	0.01325671605	290
300	19	19	127.4657534	269.9589041	0.08424657534	0.04178082192	0.1386507	300
310	19	19	129.4466667	270.22	0.1980913242	0.02610958904	0.0940378782	310
320	19	19	130.5290323	270.5612903	0.1082365591	0.03412903226	0.199804613	320
330	19	19	132.6081081	270.7162162	0.207907585	0.01549258936	0.1134898391	330
340	19	19	134.3108108	271.75	0.1702702703	0.1033783784	0.2084840143	340
350	19	19	135.5	272.9513889	0.1189189189	0.1201388889	0.1991960192	350
360	19	19	137.4802632	273.7763158	0.1980263158	0.08249269006	0.1690415981	360
370	19	19	138.5067568	274.472973	0.1026493599	0.06966571835	0.2145214806	370
380	19	19	139.3150685	275.8561644	0.08083117364	0.1383191411	0.1240572585	380
390	19	19	140.0902778	277.0763889	0.07752092846	0.1220224505	0.160205691	390
400	19	19	140.9115646	278.0544218	0.08212868481	0.09780328798	0.1445647702	400
410	19	19	142.1041667	278.9236111	0.1192602041	0.08691893424	0.1277129751	410
420	19	19	143.7516779	279.7516779	0.1647511186	0.08280667412	0.1475733628	420
430	19	19	144.7862069	280.8275862	0.1034529044	0.1075908355	0.1843905538	430
440	19	19	146.1793103	282.6137931	0.1393103448	0.1786206897	0.1492591415	440
450	19	19	147.537415	284.5034014	0.1358104621	0.1889608257	0.2265231179	450
460	19	19	148.807947	286.3046358	0.1270532054	0.1801234401	0.2327029765	460
470	19	19	150.3265306	288.0680272	0.1518583592	0.1763391449	0.2204245238	470
480	19	19	151.9303797	289.9367089	0.1603849135	0.186868165	0.2327153955	480
490	19	19	154.1806452	290.8258065	0.2250265414	0.08890975909	0.2462580589	490
500	19	19	157.2012987	292.3571429	0.302065354	0.1531336406	0.2419543131	500
510	19	19	159.1666667	293.3	0.1965367965	0.09428571429	0.3386641256	510
520	19	19	161.5666667	295.2266667	0.24	0.1926666667	0.2179828166	520
530	19	19	163.4217687	297.414966	0.1855102041	0.218829932	0.307766867	530
540	19	19	164.625	299.4013158	0.1203231293	0.1986349803	0.2868807678	540
550	19	19	166.24	300.4066667	0.1615	0.1005350877	0.2322358948	550
560	19	19	168.1448276	302.1517241	0.1904827586	0.1745057471	0.1902355221	560
570	19	19	169.0784314	304.2091503	0.09336037863	0.2057426189	0.2583329966	570
580	19	19	170.0733333	306.22	0.09949019608	0.2010849673	0.2259340291	580
590	19	19	172.1059603	307.5298013	0.2032626932	0.1309801325	0.224351205	590
600	19	19	173.2450331	309.192053	0.1139072848	0.1662251656	0.241808845	600
610	19	19	174.6038961	311.1623377	0.1358862991	0.1970284682	0.2015084991	610
620	19	19	175.46	312.9066667	0.08561038961	0.1744329004	0.2393434845	620
630	19	19	176.6883117	314.6493506	0.1228311688	0.1742683983	0.1943089693	630
640	19	19	178.1428571	316.4965986	0.1454545455	0.184724799	0.2132064039	640
650	19	19	179.9383562	319.3972603	0.1795499022	0.2900661635	0.2351175794	650
660	19	19	182.1006711	321.1677852	0.2162314977	0.1770524961	0.3411400688	660
670	19	19	184.1223022	322.7985612	0.2021631017	0.1630775916	0.2794702971	670
680	19	19	186.7368421	324.8355263	0.2614539947	0.2036965165	0.2597387545	680
690	19	19	187.6438356	327.1917808	0.09069935112	0.2356254506	0.3314369656	690
700	19	19	188.7534247	329.8561644	0.1109589041	0.2664383562	0.2524791581	700
710	19	19	190.5855263	332.0263158	0.1832101658	0.2170151406	0.2886196044	710
720	19	19	191.8791946	334.1275168	0.1293668315	0.2101200989	0.2840097465	720
730	19	19	193.3642384	335.7748344	0.148504378	0.1647317659	0.2467513588	730
740	19	19	195.2207792	337.6558442	0.185654081	0.1881009719	0.2217884239	740
750	19	19	196.6447368	339.0723684	0.1423957621	0.1416524265	0.264290396	750
760	19	19	198.2933333	341.2133333	0.1648596491	0.2140964912	0.2008530881	760
770	19	19	199.6948052	342.8701299	0.1401471861	0.1656796537	0.2702147506	770
780	19	19	200.6	344.22	0.09051948052	0.134987013	0.2170045655	780
790	19	19	202.8366013	344.9411765	0.2236601307	0.07211764706	0.1625277516	790
800	19	19	203.9868421	345.7565789	0.1150240798	0.08154024768	0.2349995938	800
810	19	19	205.1059603	346.9536424	0.111911816	0.1197063437	0.1409941521	810
820	19	19	207.3175676	348.3310811	0.2211607303	0.1377438697	0.163871484	820
830	19	19	210.1164384	349.7260274	0.2798870789	0.1394946316	0.2605483492	830
840	19	19	212.1503268	350.9738562	0.2033888441	0.1247828812	0.3127227673	840
850	19	19	214.9605263	352.3684211	0.2810199518	0.1394564843	0.2386164063	850
860	19	19	217.8	353.8967742	0.2839473684	0.1528353141	0.313720137	860
870	19	19	219.7032258	355.7096774	0.1903225806	0.1812903226	0.3224666514	870
880	19	19	221.8940397	356.5496689	0.2190813929	0.08399914548	0.2628476094	880
890	19	19	224.262069	357.5517241	0.236802923	0.1002055264	0.2346327197	890
900	19	19	225.1258278	359	0.08637588491	0.1448275862	0.2571318181	900
910	19	19	226.4172185	360.7615894	0.1291390728	0.1761589404	0.1686292478	910
920	19	19	228.3333333	363.2051282	0.191611479	0.2443538801	0.2184236077	920
930	19	19	229.3851351	365.0878378	0.1051801802	0.1882709633	0.3105217828	930
940	19	19	231.0129032	366.7483871	0.1627768091	0.1660549259	0.2156590502	940
950	19	19	232.4402516	367.7672956	0.1427348347	0.1018908501	0.2325307033	950
960	19	19	234.170068	369.9319728	0.1729816455	0.2164677192	0.1753709735	960
970	19	19	236.4503311	371.8410596	0.2280263099	0.1909086814	0.2770937082	970
980	19	19	238.0612245	373.5646259	0.1610893364	0.1723566248	0.2973922033	980
990	19	19	240.1753247	374.7662338	0.2114100186	0.1201607916	0.2359164691	990
1000	19	19	241.9933775	376.0198675	0.1818052808	0.1253633783	0.2431723911	1000
1010	19	19	244.1283784	377.7027027	0.2135000895	0.1682835153	0.2208373536	1010
1020	19	19	246.4740741	379.9259259	0.2345695696	0.2223223223	0.2718485419	1020
1030	19	19	248.3873239	381.2394366	0.191324987	0.1313510694	0.3231874038	1030
1040	19	19	251.2972973	382.8851351	0.2909973354	0.1645698515	0.2320740271	1040
1050	19	19	254.3557047	383.9597315	0.3058407401	0.1074596408	0.3343092658	1050
1060	19	19	257.3591549	385.1126761	0.3003450232	0.1152944513	0.3241699133	1060
1070	19	19	259.3785714	386.6785714	0.2019416499	0.1565895372	0.3217140709	1070
1080	19	19	261.5827338	388.4316547	0.2204162384	0.1753083248	0.2555400421	1080
1090	19	19	263.8071429	390.2857143	0.2224409044	0.1854059609	0.2816315446	1090
1100	19	19	266.3082192	392.3835616	0.2501076321	0.2097847358	0.2895778415	1100
1110	19	19	267.7432432	394.6486486	0.1435024065	0.2265087005	0.3264405965	1110
1120	19	19	269.270073	398.080292	0.1526829749	0.3431643322	0.2681401351	1120
1130	19	19	270.7625899	401.0503597	0.1492516935	0.2970067741	0.3755979895	1130
1140	19	19	272.254902	405.2352941	0.1492312033	0.4184934405	0.332398995	1140
1150	19	19	273.8	407.6206897	0.1545098039	0.2385395538	0.4443047511	1150
1160	19	19	275.943662	409.0633803	0.2143661972	0.1442690627	0.2842083711	1160
1170	19	19	278.3356643	410.993007	0.2392002364	0.1929626711	0.2583920063	1170
1180	19	19	280.3733333	412.8666667	0.2037668998	0.1873659674	0.3073293763	1180
1190	19	19	282.4520548	414.0890411	0.2078721461	0.1222374429	0.2768157423	1190
1200	19	19	284.5144928	415.7101449	0.2062437959	0.1621103832	0.2411489614	1200
1210	19	19	286.4758621	416.6758621	0.1961369315	0.09657171414	0.262328572	1210
1220	19	19	287.4397163	419.3404255	0.09638542431	0.2664563463	0.2186224871	1220
1230	19	19	288.2867133	420.958042	0.08469969747	0.1617616426	0.2833533739	1230
1240	19	19	289.7066667	422.3133333	0.141995338	0.1355291375	0.1825948186	1240
1250	19	19	290.048951	423.8041958	0.03422843823	0.1490862471	0.1962926976	1250
1260	19	19	291.3013699	425.6712329	0.1252418814	0.1867037073	0.1529650125	1260
1270	19	19	291.4324324	427.7027027	0.01310625694	0.2031469826	0.2248194902	1270
1280	19	19	292.6413793	428.937931	0.1208946878	0.1235228332	0.2035693261	1280
1290	19	19	293.4527027	430.6959459	0.08113233924	0.1758014911	0.1728392775	1290
1300	19	19	294.9583333	431.6597222	0.1505630631	0.09637762763	0.193619784	1300
1310	19	19	296.130137	432.5410959	0.1171803653	0.08813736682	0.178767679	1310
1320	19	19	296.852349	434.4563758	0.0722212007	0.1915279949	0.146626851	1320
1330	19	19	297.8243243	436.472973	0.0971975331	0.2016597134	0.204692146	1330
1340	19	19	299.1985816	438.1843972	0.1374257236	0.171142419	0.2238615654	1340
1350	19	19	300.3676471	440.1691176	0.1169065499	0.1984720484	0.2194893097	1350
1360	19	19	301.8627451	442.1437908	0.1495098039	0.1974673203	0.2303438634	1360
1370	19	19	303.5820896	445.0298507	0.1719344454	0.2886059897	0.2476823047	1370
1380	19	19	305.1736111	446.1041667	0.1591521559	0.107431592	0.3359387902	1380
1390	19	19	305.8231293	449.0816327	0.06495181406	0.2977465986	0.1920181129	1390
1400	19	19	307.2191781	451.0821918	0.139604883	0.2000559128	0.3047487082	1400
1410	19	19	308.6821192	452.986755	0.1462941123	0.1904563186	0.2439505926	1410
1420	19	19	309.2364865	454.1959459	0.05543672812	0.1209190979	0.2401573996	1420
1430	19	19	311.0878378	456.0135135	0.1851351351	0.1817567568	0.133021273	1430
1440	19	19	312.8911565	457.3741497	0.1803318625	0.1360636146	0.259442743	1440
1450	19	19	314.2638889	458.5486111	0.1372732426	0.1174461451	0.225904599	1450
1460	19	19	315.4027778	460.4513889	0.1138888889	0.1902777778	0.1806586288	1460
1470	19	19	317.2328767	462.5136986	0.1830098935	0.2062309741	0.2217573262	1470
1480	19	19	318.98	463.8866667	0.1747123288	0.1372968037	0.2757242024	1480
1490	19	19	321.4081633	465.6394558	0.2428163265	0.1752789116	0.2222044332	1490
1500	19	19	322.9861111	467.0347222	0.1577947846	0.139526644	0.2994703078	1500
1510	19	19	324.1088435	468.5034014	0.1122732426	0.1468679138	0.2106344664	1510
1520	19	19	325.2411348	470.1134752	0.1132291214	0.1610073817	0.1848660735	1520
1530	19	19	326.2097902	471.5944056	0.0968655458	0.1480930417	0.196835492	1530
1540	19	19	327.6	473.9290323	0.139020979	0.2334626664	0.1769589867	1540
1550	19	19	328.4901961	476.2091503	0.08901960784	0.2280118069	0.271719799	1550
1560	19	19	330.1283784	478.2837838	0.16381823	0.2074633457	0.2447731085	1560
1570	19	19	331.5629139	479.794702	0.1434535529	0.1510918203	0.2643434362	1570
1580	19	19	332.4825175	481.3426573	0.09196035752	0.1547955356	0.2083450503	1580
1590	19	19	333.3422819	483.704698	0.08597643967	0.2362040644	0.1800510072	1590
1600	19	19	335.0135135	485.1148649	0.1671231634	0.1410166878	0.2513648906	1600
1610	19	19	337.0069444	487.0555556	0.1993430931	0.1940690691	0.2186683745	1610
1620	19	19	338.8	489.1724138	0.1793055556	0.2116858238	0.2782094037	1620
1630	19	19	340.9788732	491.3450704	0.2178873239	0.2172656629	0.2774191238	1630
1640	19	19	342.5820896	493.7089552	0.1603216313	0.2363884801	0.3076999419	1640
1650	19	19	344.4316547	495.0863309	0.1849565124	0.1377375711	0.2856265726	1650
1660	19	19	346.1972789	498.1904762	0.1765624235	0.3104145255	0.2306090848	1660
1670	19	19	348.0980392	500.2810458	0.1900760304	0.2090569561	0.3571154814	1670
1680	19	19	349.3120567	502.787234	0.1214017522	0.2506188291	0.2825485945	1680
1690	19	19	350.0972222	505.1319444	0.07851654846	0.2344710402	0.2784747438	1690
1700	19	19	351.3087248	507.2281879	0.121150261	0.2096243475	0.2472681077	1700
1710	19	19	353.0604027	509.2684564	0.1751677852	0.2040268456	0.2421151643	1710
1720	19	19	354.4335664	511.013986	0.1373163749	0.1745529638	0.2689065018	1720
1730	19	19	355.9	512.4933333	0.1466433566	0.1479347319	0.2220912515	1730
1740	19	19	357.9801325	514.5562914	0.208013245	0.2062958057	0.2083001655	1740
1750	19	19	358.5208333	516.1805556	0.0540700883	0.1624264165	0.2929632564	1750
1760	19	19	360.0662252	517.8807947	0.1545391832	0.1700239146	0.1711897054	1760
1770	19	19	361.9784173	519.6402878	0.1912192101	0.1759493068	0.229761813	1770
1780	19	19	364.5804196	521.3216783	0.2602002314	0.1681390552	0.2598517748	1780
1790	19	19	365.76	523.2466667	0.117958042	0.1924988345	0.3097981638	1790
1800	19	19	366.8881579	525.1184211	0.1128157895	0.1871754386	0.2257651456	1800
1810	19	19	367.2323944	527.6408451	0.03442364715	0.2522424018	0.2185452977	1810
1820	19	19	367.7851852	530.0222222	0.0552790819	0.2381377152	0.254580472	1820
1830	19	19	370.2534247	532.7191781	0.2468239472	0.269695586	0.2444695242	1830
1840	19	19	371.4362416	535.1879195	0.1182816953	0.2468741381	0.365592355	1840
1850	19	19	373.7687075	537.3333333	0.2332465872	0.214541387	0.2737469625	1850
1860	19	19	374.3758389	539.0536913	0.06071314432	0.1720357942	0.3169100459	1860
1870	19	19	374.8187919	540.6442953	0.04429530201	0.1590604027	0.1824346469	1870
1880	19	19	376.8926174	542.5771812	0.2073825503	0.1932885906	0.1651129477	1880
1890	19	19	378.9387755	544.1972789	0.2046158061	0.1620097704	0.2834925069	1890
1900	19	19	379.4026846	546.4362416	0.04639090536	0.2238962699	0.2609881104	1900
1910	19	19	381.0680272	548.0340136	0.1665342647	0.1597771995	0.2286518222	1910
1920	19	19	382.9597315	550.7785235	0.1891704333	0.2744509884	0.2307865135	1920
1930	19	19	383.9513889	551.9583333	0.09916573453	0.1179809843	0.3333298635	1930
1940	19	19	386.0068966	553.4758621	0.2055507663	0.1517528736	0.1541212366	1940
1950	19	19	387.1590909	555.75	0.1152194357	0.2274137931	0.2554996128	1950
1960	19	19	387.6357616	557.5364238	0.04766706803	0.1786423841	0.2549363679	1960
1970	19	19	388.6486486	559.4121622	0.1012887059	0.1875738321	0.1848925384	1970
1980	19	19	389.0733333	562	0.04246846847	0.2587837838	0.213174446	1980
1990	19	19	389.9324324	564.4391892	0.08590990991	0.2439189189	0.2622453385	1990
2000	19	19	390.471831	566.5704225	0.05393985535	0.2131233346	0.2586057842	2000
2010	19	19	391.7959184	568.7414966	0.1324087381	0.2171074063	0.2198432709	2010
2020	19	19	392.7905405	570.3581081	0.09946221732	0.1616611509	0.2542984464	2020
2030	19	19	394.7588652	571.2907801	0.1968324708	0.09326720337	0.1898079566	2030
2040	19	19	395.5771812	572.8255034	0.08183159598	0.1534723214	0.2178113697	2040
2050	19	19	395.9861111	574.5902778	0.04089299031	0.1764774422	0.1739257414	2050
2060	19	19	398.1942446	575.6978417	0.2208133493	0.1107563949	0.181153317	2060
2070	19	19	399.7042254	576.415493	0.1509980748	0.07176512311	0.2470334274	2070
2080	19	19	401.5547445	577.2189781	0.1850519173	0.08034851444	0.1671844834	2080
2090	19	19	402.8273381	578.676259	0.1272593604	0.1457280891	0.2017426477	2090
2100	19	19	404.3354839	579.7032258	0.1508145741	0.1026966814	0.1934725323	2100
2110	19	19	406.006993	581.5734266	0.1671509136	0.1870200767	0.1824599796	2110
2120	19	19	407.414966	582.5238095	0.1407972979	0.09503829504	0.2508304946	2120
2130	19	19	410.4238411	583.4503311	0.3008875073	0.0926521602	0.169871	2130
2140	19	19	412.585034	584.8027211	0.2161192954	0.1352389963	0.3148296601	2140
2150	19	19	414.7062937	585.7342657	0.2121259693	0.09315446458	0.2549453588	2150
2160	19	19	415.8913043	587.8188406	0.1185010642	0.2084574845	0.2316790476	2160
2170	19	19	417.5479452	588.8972603	0.1656640858	0.1078419694	0.2397853729	2170
2180	19	19	419.4466667	590.54	0.1898721461	0.1642739726	0.1976726579	2180
2190	19	19	421.5067568	592.3310811	0.206009009	0.1791081081	0.2510724396	2190
2200	19	19	423.5985915	594.1830986	0.2091834793	0.185201751	0.272982465	2200
2210	19	19	425.375	596.1041667	0.1776408451	0.1921068075	0.2793875741	2210
2220	19	19	426.8657718	597.6174497	0.1490771812	0.1513282998	0.2616510946	2220
2230	19	19	428.4121622	599.4797297	0.154639035	0.1862280065	0.2124247167	2230
2240	19	19	430.2587413	600.6223776	0.1846579097	0.1142647893	0.2420621853	2240
2250	19	19	432.4189189	601.3918919	0.216017766	0.07695142695	0.2171519875	2250
2260	19	19	433.9236111	602.9027778	0.1504692192	0.1510885886	0.2293146252	2260
2270	19	19	435.7236842	604.2302632	0.1800073099	0.132748538	0.2132340206	2270
2280	19	19	437.3472222	605.7222222	0.1623538012	0.1491959064	0.2236622587	2280
2290	19	19	439.7328767	606.9178082	0.238565449	0.1195585997	0.2204952953	2290
2300	19	19	441.6428571	606.9214286	0.1909980431	0.0003620352251	0.2668477698	2300
2310	19	19	444.3509934	606.8874172	0.2708136235	-0.003401135289	0.1909983862	2310
2320	19	19	446.2244898	608.6054422	0.1873496418	0.1718024958	0.27083498	2320
2330	19	19	447.9014085	609.7253521	0.1676918655	0.1119909936	0.2541967464	2330
2340	19	19	450.2676056	610.2464789	0.2366197183	0.05211267606	0.2016495584	2340
2350	19	19	452.0821918	611.1369863	0.1814586147	0.08905074281	0.2422903673	2350
2360	19	19	454.6783217	612.4615385	0.2596129897	0.132455216	0.2021317977	2360
2370	19	19	456.6740741	613.1037037	0.1995752396	0.06421652422	0.2914503194	2370
2380	19	19	458.7234043	613.5673759	0.2049330181	0.04636721828	0.2096521839	2380
2390	19	19	461.2361111	614.3819444	0.2512706856	0.08145685579	0.2101129716	2390
2400	19	19	463.5	615.7972973	0.2263888889	0.1415352853	0.2641442348	2400
2410	19	19	465.4189189	617.9594595	0.1918918919	0.2162162162	0.2669909474	2410
2420	19	19	467.0666667	620.96	0.1647747748	0.3000540541	0.2890881359	2420
2430	19	19	468.028169	622.4225352	0.09615023474	0.1462535211	0.342320262	2430
2440	19	19	470.3245033	623.6291391	0.2296334297	0.1206603862	0.1750284551	2440
2450	19	19	472.1666667	623.86	0.1842163355	0.02308609272	0.2594040108	2450
2460	19	19	473.6312057	625.070922	0.1464539007	0.1210921986	0.1856572809	2460
2470	19	19	474.8601399	626.6153846	0.1228934186	0.154446263	0.1900317489	2470
2480	19	19	476.8129032	628.2580645	0.1952763366	0.1642679901	0.1973738597	2480
2490	19	19	478.2957746	630.2183099	0.1482871422	0.1960245343	0.2551799761	2490
2500	19	19	480.1126761	632.1338028	0.1816901408	0.1915492958	0.2457940085	2500
2510	19	19	482.6223776	633.6503497	0.2509701566	0.1516546833	0.2640121967	2510
2520	19	19	485.2649007	636	0.264252304	0.234965035	0.2932322671	2520
2530	19	19	487.0342466	637.9246575	0.1769345913	0.1924657534	0.3536069114	2530
2540	19	19	489.147651	639.8724832	0.2113404431	0.1947825687	0.2614362558	2540
2550	19	19	490.5960265	641.4701987	0.1448375483	0.1597715454	0.2874109114	2550
2560	19	19	491.9347826	642.4565217	0.1338756119	0.09863230636	0.21564986	2560
2570	19	19	493.7763158	644.6315789	0.1841533181	0.2175057208	0.1662859324	2570
2580	19	19	495.7755102	645.9251701	0.1999194415	0.1293591121	0.2849933037	2580
2590	19	19	497.3785714	647.2214286	0.1603061224	0.1296258503	0.2381208999	2590
2600	19	19	499.2183099	648.5633803	0.1839738431	0.134195171	0.206157498	2600
2610	19	19	501.8367347	650.4285714	0.2618424835	0.1865191147	0.2277163122	2610
2620	19	19	504.3125	651.9652778	0.2475765306	0.1536706349	0.3214822955	2620
2630	19	19	506.7569444	652.9652778	0.2444444444	0.1	0.2913911504	2630
2640	19	19	508.0479452	653.5547945	0.1291000761	0.05895167428	0.2641080961	2640
2650	19	19	510.4615385	653.6853147	0.2413593256	0.01305201648	0.1419229705	2650
2660	19	19	512.4335664	654.7692308	0.1972027972	0.1083916084	0.2417119757	2660
2670	19	19	514.1216216	655.5	0.1688055188	0.07307692308	0.2250281849	2670
2680	19	19	515.7278912	657.0136054	0.1606269535	0.1513605442	0.1839443934	2680
2690	19	19	517.4761905	658.244898	0.174829932	0.1231292517	0.2207057601	2690
2700	19	19	519.409396	659.1812081	0.1933205497	0.09363100945	0.213837129	2700
2710	19	19	521.4965986	660.5986395	0.2087202666	0.1417431402	0.2148013055	2710
2720	19	19	523.6944444	661.75	0.2197845805	0.1151360544	0.2522999554	2720
2730	19	19	524.8741259	662.6433566	0.117968143	0.08933566434	0.2481160471	2730
2740	19	19	527.0066225	663.1324503	0.2132496642	0.04890936878	0.1479775107	2740
2750	19	19	529.1	664.5642857	0.2093377483	0.1431835383	0.2187865299	2750
2760	19	19	531.5646259	665.2857143	0.246462585	0.07214285714	0.2536214079	2760
2770	19	19	533.2027972	666.8181818	0.1638171352	0.1532467532	0.256804201	2770
2780	19	19	535.2137931	667.6689655	0.2010995901	0.08507836991	0.2243225829	2780
2790	19	19	537.0779221	669.1103896	0.1864128974	0.1441424093	0.2183560719	2790
2800	19	19	538.1338028	671.1549296	0.1055880739	0.2044539967	0.2356412581	2800
2810	19	19	541.3691275	672.261745	0.32353247	0.1106815389	0.2301092743	2810
2820	19	19	543.3517241	673.662069	0.1982596621	0.1400323999	0.3419410215	2820
2830	19	19	544.3774834	674.6490066	0.1025759306	0.0986937657	0.2427261145	2830
2840	19	19	545.6849315	675.5684932	0.1307448063	0.09194865282	0.1423456389	2840
2850	19	19	548.2214286	676.8428571	0.2536497065	0.1274363992	0.1598397921	2850
2860	19	19	549.8321678	677.7902098	0.1610739261	0.09473526474	0.2838630117	2860
2870	19	19	551.1818182	678.6153846	0.134965035	0.08251748252	0.1868678144	2870
2880	19	19	553.2297297	679.7702703	0.2047911548	0.1154885655	0.158191958	2880
2890	19	19	555.0134228	681.1812081	0.1783693089	0.1410937783	0.2351106672	2890
2900	19	19	556.4133333	682.4133333	0.1399910515	0.123212528	0.2274270535	2900
2910	19	19	558.4545455	683.5944056	0.2041212121	0.1181072261	0.1864908082	2910
2920	19	19	560.3333333	685.0952381	0.1878787879	0.1500832501	0.2358278739	2920
2930	19	19	562.3617021	684.8014184	0.2028368794	-0.02938196555	0.2404650097	2930
2940	19	19	564.7054795	685.4863014	0.2343777324	0.06848829301	0.2049538962	2940
2950	19	19	565.837037	686.4888889	0.1131557585	0.1002587519	0.2441793762	2950
2960	19	19	567.1134752	687.6737589	0.127643814	0.1184869976	0.1511821518	2960
2970	19	19	569.8965517	687.6482759	0.2783076547	-0.002548300318	0.1741611664	2970
2980	19	19	572.1258741	687.4405594	0.2229322402	-0.02077164215	0.2783193211	2980
2990	19	19	574.5890411	688.0821918	0.246316697	0.06416323403	0.2238978446	2990
3000	19	19	577.0422535	688.5915493	0.2453212425	0.0509357515	0.2545365118	3000
3010	19	19	578.9574468	688.7234043	0.1915193287	0.01318549595	0.2505533133	3010
3020	19	19	580.7552448	688.8461538	0.1797797947	0.01227495908	0.1919726819	3020
3030	19	19	583.0340136	688.8639456	0.227876885	0.001779173208	0.1801983607	3030
3040	19	19	584.3541667	689.8611111	0.1320153061	0.09971655329	0.2278838305	3040
3050	19	19	585.7132867	690.8811189	0.1359120047	0.102000777	0.1654431384	3050
3060	19	19	587.0416667	691.7291667	0.1328379953	0.08480477855	0.1699300783	3060
3070	19	19	587.8992806	692.7194245	0.08576139089	0.09902577938	0.1576000745	3070
3080	19	19	589.8120805	692.5637584	0.1912799961	-0.01556660712	0.1310004624	3080
3090	19	19	592.1589404	692.8543046	0.234685986	0.02905462465	0.1919123659	3090
3100	19	19	594.4701987	694.0794702	0.2311258278	0.1225165563	0.2364776591	3100
3110	19	19	596.1184211	695.4407895	0.1648222377	0.1361319275	0.2615902423	3110
3120	19	19	598.0855263	696.5921053	0.1967105263	0.1151315789	0.213771541	3120
3130	19	19	599.7933333	697.34	0.1707807018	0.07478947368	0.22792611	3130
3140	19	19	602.1184211	698.9868421	0.2325087719	0.1646842105	0.1864390342	3140
3150	19	19	604.5448276	700.5862069	0.2426406534	0.1599364791	0.2849231795	3150
3160	19	19	606.4768212	701.5695364	0.1931993606	0.09833295273	0.2906099861	3160
3170	19	19	608.0201342	702.4295302	0.1543313036	0.08599937775	0.2167841381	3170
3180	19	19	609.4866667	703.2333333	0.1466532438	0.0803803132	0.1766749678	3180
3190	19	19	611.025641	703.8974359	0.1538974359	0.06641025641	0.167236864	3190
3200	19	19	611.4705882	704.4509804	0.04449472097	0.05535444947	0.1676148649	3200
3210	19	19	612.2222222	706.2745098	0.07516339869	0.1823529412	0.0710203863	3210
3220	19	19	613	706.6442953	0.07777777778	0.03697854981	0.1972362331	3220
3230	19	19	614.0657895	706.4736842	0.1065789474	-0.01706110915	0.0861208213	3230
3240	19	19	614.9266667	705.84	0.0860877193	-0.06336842105	0.1079358766	3240
3250	19	19	616.4701987	704.7350993	0.1543532009	-0.1104900662	0.10689552	3250
3260	19	19	617.8758621	702.8965517	0.1405663393	-0.1838547614	0.1898235111	3260
3270	19	19	619.1518987	702.2974684	0.1276036665	-0.05990833697	0.2314335089	3270
3280	19	19	620.5962733	702.3043478	0.1444374558	0.0006879471657	0.1409670336	3280
3290	19	19	622.2179487	703.2435897	0.1621675426	0.09392419175	0.1444390941	3290
3300	19	19	624.1410256	703.5641026	0.1923076923	0.03205128205	0.1874034836	3300
3310	19	19	625.9240506	704.056962	0.1783024992	0.04928594612	0.1949603375	3310
3320	19	19	627.9483871	704.7741935	0.2024336464	0.07172315231	0.1849888799	3320
3330	19	19	630.3398693	705.3398693	0.2391482184	0.05656757327	0.2147640374	3330
3340	19	19	632.2903226	706.4193548	0.19504533	0.1079485558	0.2457473514	3340
3350	19	19	634.3154362	707.6510067	0.2025113661	0.1231651873	0.2229250355	3350
3360	19	19	636.0636943	708.433121	0.1748258026	0.07821143077	0.2370242957	3360
3370	19	19	639.2360248	708.7763975	0.3172330577	0.03432764964	0.1915230773	3370
3380	19	19	641.1578947	709.6052632	0.1921869892	0.08288656424	0.3190849424	3380
3390	19	19	642.6898734	710.4810127	0.1531978681	0.08757495003	0.2092988804	3390
3400	19	19	643.1830986	712.3098592	0.04932251738	0.1828846497	0.1764623435	3400
3410	19	19	644.8926174	712.8322148	0.1709518858	0.05223556102	0.1894188634	3410
3420	19	19	645.8181818	713.8181818	0.09255643685	0.09859670531	0.1787543037	3420
3430	19	19	646.8205128	715.5897436	0.1002331002	0.1771561772	0.1352331479	3430
3440	19	19	648.3589744	717.1025641	0.1538461538	0.1512820513	0.2035460279	3440
3450	19	19	648.9256757	718.6486486	0.05667013167	0.1546084546	0.2157658409	3450
3460	19	19	649.9337748	720.4701987	0.1008099159	0.1821550027	0.1646671736	3460
3470	19	19	651.3825503	721.9194631	0.1448775501	0.1449264412	0.2081900193	3470
3480	19	19	653.2165605	723.3821656	0.1834010174	0.1462702518	0.2049223704	3480
3490	19	19	653.9315068	725.2739726	0.07149463398	0.1891806998	0.2345866998	3490
3500	19	19	655.1315789	726.3092105	0.1200072098	0.1035237924	0.2022395111	3500
3510	19	19	657.0472973	727.8783784	0.191571835	0.1569167852	0.1584894507	3510
3520	19	19	657.4166667	729.5512821	0.03693693694	0.1672903673	0.2476340959	3520
3530	19	19	659.4238411	731.5629139	0.2007174393	0.2011631856	0.1713195969	3530
3540	19	19	660.3701299	732.6493506	0.09462888105	0.1086436742	0.2841726899	3540
3550	19	19	661.375	733.7697368	0.100487013	0.1120386193	0.1440766222	3550
3560	19	19	662.3892617	735.1879195	0.1014261745	0.1418182621	0.1505001395	3560
3570	19	19	662.8216561	736.7643312	0.0432394306	0.1576411747	0.174355064	3570
3580	19	19	664.4322581	738.0709677	0.1610602014	0.1306636532	0.1634637217	3580
3590	19	19	665.0202703	740.1959459	0.05880122058	0.2124978204	0.20739667	3590
3600	19	19	666.2434211	742.2302632	0.1223150782	0.2034317212	0.2204833491	3600
3610	19	19	666.8783784	743.8851351	0.06349573257	0.1654871977	0.2373719519	3610
3620	19	19	667.966443	745.1610738	0.1088064575	0.127593869	0.1772504462	3620
3630	19	19	668.9060403	748.4362416	0.09395973154	0.3275167785	0.1676873299	3630
3640	19	19	669.1633987	751.2418301	0.02573584244	0.2805588455	0.3407281488	3640
3650	19	19	670.1960784	753.8823529	0.1032679739	0.2640522876	0.2817367554	3650
3660	19	19	671.0251572	757.2012579	0.08290788013	0.331890492	0.2835275736	3660
3670	19	19	671.9735099	760.7152318	0.09483527011	0.3513973926	0.342089192	3670
3680	19	19	673.1075949	763.0759494	0.1134085003	0.2360717579	0.3639695812	3680
3690	19	19	674.7908497	766.4901961	0.1683254736	0.3414246711	0.2618995281	3690
3700	19	19	676.1895425	769.5294118	0.139869281	0.3039215686	0.3806629364	3700
3710	19	19	677.7434211	772.5986842	0.1553878569	0.3069272446	0.3345620057	3710
3720	19	19	679.3701299	774.9285714	0.1626708817	0.2329887218	0.3440199406	3720
3730	19	19	680.278481	777.7594937	0.09083511425	0.2830922242	0.2841576328	3730
3740	19	19	681.4935897	780.3974359	0.1215108731	0.2637942227	0.2973083003	3740
3750	19	19	682.3741935	783.1032258	0.08806038048	0.2705789909	0.290434647	3750
3760	19	19	683.1324503	785.7019868	0.07582567827	0.2598760949	0.2845480995	3760
3770	19	19	683.4509804	787.9281046	0.0318530061	0.222611782	0.2707122424	3770
3780	19	19	683.0860927	791.013245	-0.03648876769	0.3085140458	0.224879122	3780
3790	19	19	682.5827815	794.7483444	-0.05033112583	0.3735099338	0.3106643633	3790
3800	19	19	682.8493151	797.3356164	0.02665336115	0.2587272067	0.3768857822	3800
3810	19	19	682.8618421	800.0065789	0.001252703677	0.2670962509	0.2600964613	3810
3820	19	19	682.9266667	803	0.00648245614	0.2993421053	0.2670991885	3820
3830	19	19	683.8152866	805.6305732	0.08886199575	0.2630573248	0.299412288	3830
3840	19	19	684.2594937	808.6012658	0.04442070467	0.2970692574	0.2776609631	3840
3850	19	19	684.7019868	811.1258278	0.04424930841	0.2524561992	0.3003720072	3850
3860	19	19	684.7284768	814.2781457	0.002649006623	0.3152317881	0.2563047674	3860
3870	19	19	685.316129	818.0516129	0.05876522111	0.3773467208	0.3152429182	3870
3880	19	19	685.6369863	820.890411	0.03208572691	0.2838798056	0.3818951412	3880
3890	19	19	686.1013514	823.6756757	0.046436505	0.2785264717	0.2856873079	3890
3900	19	19	685.3741497	827.292517	-0.07272016915	0.3616841331	0.2823709341	3900
3910	19	19	686	830.4645161	0.06258503401	0.3171999122	0.3689222617	3910
3920	19	19	685.02	833.12	-0.098	0.2655483871	0.3233151261	3920
3930	19	19	685.5159236	835.089172	0.04959235669	0.1969171975	0.2830546694	3930
3940	19	19	685.4322581	837.6193548	-0.008366550236	0.2530182864	0.2030659609	3940
3950	19	19	684.8387097	840.1290323	-0.05935483871	0.2509677419	0.2531565769	3950
3960	19	19	684.6510067	842.4966443	-0.0187702966	0.2367612037	0.2578910707	3960
3970	19	19	685.1456954	844.410596	0.04946886528	0.1913951731	0.2375040876	3970
3980	19	19	685.2193548	847.1354839	0.007365947447	0.2724887844	0.197684802	3980
3990	19	19	686.3611111	849.0833333	0.1141756272	0.1947849462	0.2725883248	3990
4000	19	19	686.8648649	851.3648649	0.05037537538	0.2281531532	0.2257814189	4000
4010	19	19	688.2420382	853.8280255	0.1377173352	0.2463160613	0.2336483249	4010
4020	19	19	688.7483444	855.6887417	0.05063061543	0.1860716244	0.2822014643	4020
4030	19	19	689.275641	857.974359	0.05272966548	0.2285617253	0.1928370002	4030
4040	19	19	690.7755102	860.2040816	0.1499869178	0.2229722658	0.2345652998	4040
4050	19	19	693.0130719	862.0065359	0.2237561691	0.1802454315	0.2687242208	4050
4060	19	19	694.1258278	863.9470199	0.1112755919	0.194048392	0.2873242747	4060
4070	19	19	694.8150685	866.0479452	0.06892406786	0.2100925338	0.223689597	4070
4080	19	19	695.4178082	868.0068493	0.0602739726	0.195890411	0.2211094749	4080
4090	19	19	696.2980132	870.1192053	0.08802050259	0.2112355983	0.2049536652	4090
4100	19	19	696.5986842	872.9144737	0.03006709655	0.2795268386	0.2288407456	4100
4110	19	19	697.3	875.54	0.07013157895	0.2625526316	0.2811392605	4110
4120	19	19	698.6206897	877.6413793	0.1320689655	0.210137931	0.2717578384	4120
4130	19	19	699.5526316	879.5328947	0.09319419238	0.1891515426	0.2481937987	4130
4140	19	19	700.2297297	881.4256757	0.06770981508	0.1892780939	0.2108636137	4140
4150	19	19	700.3266667	883.3533333	0.009693693694	0.1927657658	0.2010244161	4150
4160	19	19	701.02	885.2333333	0.06933333333	0.188	0.1930093473	4160
4170	19	19	700.6580645	887.2129032	-0.03619354839	0.1979569892	0.2003774217	4170
4180	19	19	700.4866667	889.6	-0.01713978495	0.2387096774	0.2012385215	4180
4190	19	19	701.0993377	890.9933775	0.06126710817	0.1393377483	0.2393242201	4190
4200	19	19	701.3774834	893.7615894	0.02781456954	0.2768211921	0.1522125706	4200
4210	19	19	701.9407895	895.4605263	0.056330603	0.1698936912	0.2782150655	4210
4220	19	19	701.4705882	897.5424837	-0.04702012384	0.2081957344	0.1789888352	4220
4230	19	19	701.3892617	899.4362416	-0.008132649033	0.1893757951	0.2134393494	4230
4240	19	19	702.3013699	901.3835616	0.0912108118	0.1947320033	0.1895503409	4240
4250	19	19	703.0774194	903.3483871	0.07760494918	0.1964825453	0.2150348002	4250
4260	19	19	702.7655172	905.8275862	-0.03119021135	0.247919911	0.21125321	4260
4270	19	19	702.3918919	907.7702703	-0.03736253495	0.1942684063	0.2498741915	4270
4280	19	19	701.9395973	910.0671141	-0.04522945765	0.2296843824	0.1978286448	4280
4290	19	19	701.538961	913.0064935	-0.04006362765	0.2939379413	0.2340953211	4290
4300	19	19	701.7189542	915.8496732	0.01799932094	0.2843179696	0.2966557054	4300
4310	19	19	701.2402597	918.8766234	-0.04786945081	0.3026950174	0.2848871415	4310
4320	19	19	701.3092105	922.875	0.006895078606	0.3998376623	0.3064567798	4320
4330	19	19	701.2810458	925.9869281	-0.002816477468	0.3111928105	0.3998971097	4330
4340	19	19	701.589404	929.0728477	0.03083582219	0.3085919578	0.3112055556	4340
4350	19	19	702.2077922	931.987013	0.06183882343	0.2914165305	0.3101287544	4350
4360	19	19	702.4802632	934.7368421	0.02724709501	0.2749829118	0.2979054117	4360
4370	19	19	702.1518987	936.7658228	-0.03283644237	0.202898068	0.2763295243	4370
4380	19	19	701.5973154	939.1342282	-0.05545832979	0.2368405403	0.205537972	4380
4390	19	19	701.3112583	941.6821192	-0.02860571581	0.2547891017	0.2432469278	4390
4400	19	19	700.4183007	943.751634	-0.08929576246	0.2069514782	0.2563898854	4400
4410	19	19	699.7302632	946.5723684	-0.06880374957	0.2820734434	0.2253944265	4410
4420	19	19	698.275641	949.0384615	-0.1454622132	0.2466093117	0.290343561	4420
4430	19	19	696.8187919	951.6241611	-0.1456849079	0.2585699535	0.2863134787	4430
4440	19	19	694.7894737	954.1578947	-0.2029318262	0.2533733663	0.296786983	4440
4450	19	19	693.2517007	956.1632653	-0.1537773004	0.2005370569	0.3246219168	4450
4460	19	19	691.1806452	958.0064516	-0.2071055519	0.1843186307	0.2527104456	4460
4470	19	19	688.9337748	961.5364238	-0.2246870327	0.3529972228	0.2772473034	4470
4480	19	19	688.5448718	964.0128205	-0.03889030396	0.2476396672	0.4184391258	4480
4490	19	19	687.9679487	966.2115385	-0.05769230769	0.2198717949	0.2506748103	4490
4500	19	19	687.0526316	969.4144737	-0.0915317139	0.3202935223	0.2273147785	4500
4510	19	19	687.084507	970.8943662	0.003187546331	0.1479892513	0.3331155881	4510
4520	19	19	685.9261745	973.0201342	-0.1158332546	0.2125768031	0.1480235757	4520
4530	19	19	685.3172414	974.0482759	-0.06089331173	0.1028141634	0.2420872572	4530
4540	19	19	685.25	974.9671053	-0.006724137931	0.09188294011	0.1194937137	4540
4550	19	19	685.06	976.7466667	-0.019	0.1779561404	0.09212865306	4550
4560	19	19	685.4701987	978.4569536	0.04101986755	0.1710286976	0.178967561	4560
4570	19	19	685.1666667	979.3888889	-0.03035320088	0.09319352465	0.1758790634	4570
4580	19	19	684.1437908	980.4379085	-0.1022875817	0.1049019608	0.09801198825	4580
4590	19	19	683.6418919	981.3918919	-0.05018989578	0.09539833952	0.1465167934	4590
4600	19	19	683.7210884	982.6802721	0.007919654348	0.1288380217	0.1077954954	4600
4610	19	19	683.5838926	985.1879195	-0.01371958179	0.2507647354	0.1290812022	4610
4620	19	19	683.3443709	986.5231788	-0.02395217565	0.1335259345	0.2511397608	4620
4630	19	19	682.3133333	987.96	-0.1031037528	0.1436821192	0.1356572221	4630
4640	19	19	681.5064935	989.6818182	-0.08068398268	0.1721818182	0.1768472087	4640
4650	19	19	680.4144737	991.7631579	-0.1092019822	0.2081339713	0.1901485829	4650
4660	19	19	679.2916667	993.9791667	-0.1122807018	0.2216008772	0.2350421727	4660
4670	19	19	678	995.8684211	-0.1291666667	0.1889254386	0.2484228346	4670
4680	19	19	677.3066667	997.9333333	-0.06933333333	0.2064912281	0.2288598897	4680
4690	19	19	676.9868421	1000.368421	-0.03198245614	0.2435087719	0.2178204269	4690
4700	19	19	676.6827586	1002.786207	-0.03040834846	0.2417785844	0.2456000804	4700
4710	19	19	676.5657895	1005.144737	-0.0116969147	0.2358529946	0.2436833017	4710
4720	19	19	675.4569536	1006.609272	-0.1108835831	0.1464534681	0.2361428653	4720
4730	19	19	675.6645161	1008.219355	0.02075624866	0.1610083316	0.1836948212	4730
4740	19	19	675.3219178	1009.472603	-0.03425983208	0.1253247901	0.1623407056	4740
4750	19	19	675.6413793	1010.586207	0.03194615021	0.1113604157	0.1299232047	4750
4760	19	19	675.1233766	1011.857143	-0.0518002687	0.1270935961	0.1158520552	4760
4770	19	19	674.8513514	1013.277027	-0.0272025272	0.141988417	0.1372444899	4770
4780	19	19	674.3605442	1014.897959	-0.04908071337	0.1620932157	0.1445707026	4780
4790	19	19	673.9735099	1016.562914	-0.03870342839	0.1664954724	0.169360937	4790
4800	19	19	672.0945946	1017.797297	-0.1878915339	0.123438339	0.1709347761	4800
4810	19	19	670.525974	1019.532468	-0.1568620569	0.1735170235	0.2248115923	4810
4820	19	19	668.5620915	1021.849673	-0.1963882523	0.231720567	0.2339099449	4820
4830	19	19	666.5675676	1023.614865	-0.1994523936	0.1765191662	0.3037478672	4830
4840	19	19	664.7763158	1025.052632	-0.1791251778	0.1437766714	0.2663461532	4840
4850	19	19	662.9869281	1026.732026	-0.1789387685	0.1679394565	0.2296901403	4850
4860	19	19	660.0921986	1028.87234	-0.2894729523	0.2140314282	0.2454032272	4860
4870	19	19	656.4370861	1031.139073	-0.3655112489	0.2266732422	0.3600056143	4870
4880	19	19	654.7181208	1032.805369	-0.1718965287	0.166629628	0.4300921201	4880
4890	19	19	652.627451	1034.627451	-0.2090669825	0.1822081853	0.2394031109	4890
4900	19	19	650.7019868	1036.07947	-0.1925464225	0.1452019218	0.2773244056	4900
4910	19	19	649.4513889	1037.569444	-0.1250597866	0.1489974246	0.2411591237	4910
4920	19	19	648.3265306	1038.680272	-0.1124858277	0.1110827664	0.1945255324	4920
4930	19	19	646.6666667	1041.053333	-0.1659863946	0.2373061224	0.1580899821	4930
4940	19	19	645	1042.743421	-0.1666666667	0.1690087719	0.2895957164	4940
4950	19	19	642.3178808	1044.039735	-0.2682119205	0.1296314047	0.2373641564	4950
4960	19	19	641.2978723	1045.41844	-0.1020008454	0.1378704617	0.2978958465	4960
4970	19	19	640.06	1046.68	-0.123787234	0.1261560284	0.1715005442	4970
4980	19	19	638.707483	1048.795918	-0.1352517007	0.2115918367	0.1767445128	4980
4990	19	19	637.6510067	1050.362416	-0.1056476282	0.156649774	0.2511257213	4990
5000	19	19	636.4285714	1052.623377	-0.1222435283	0.2260960516	0.1889459527	5000
