"time"	"cell.id"	"casp9_active"	"casp9_inactive"	"cytc_released"
0	1	0	1	0
0	2	0	1	0
0	3	0	1	0
0	4	0	1	0
0	5	0	1	0
0	6	0	1	0
0	7	0	1	0
0	8	0	1	0
0	9	0	1	0
0	10	0	1	0
0	11	0	1	0
0	12	0	1	0
0	13	0	1	0
0	14	0	1	0
0	15	0	1	0
0	16	0	1	0
0	17	0	1	0
0	18	0	1	0
0	19	0	1	0
0	20	0	1	0
0	21	0	1	0
0	22	0	1	0
0	23	0	1	0
0	24	0	1	0
0	25	0	1	0
0	26	0	1	0
0	27	0	1	0
0	28	0	1	0
0	29	0	1	0
0	30	0	1	0
0	31	0	1	0
0	32	0	1	0
0	33	0	1	0
0	34	0	1	0
0	35	0	1	0
0	36	0	1	0
0	37	0	1	0
0	38	0	1	0
0	39	0	1	0
0	40	0	1	0
0	41	0	1	0
0	42	0	1	0
0	43	0	1	0
0	44	0	1	0
0	45	0	1	0
0	46	0	1	0
0	47	0	1	0
0	48	0	1	0
0	49	0	1	0
0	50	0	1	0

5	1	0	1	0
5	2	0	1	0
5	3	0	1	0
5	4	0	1	0
5	5	0	1	0
5	6	0	1	0
5	7	0	1	0
5	8	0	1	0
5	9	0	1	0
5	10	0	1	0
5	11	0	1	0
5	12	0	1	0
5	13	0	1	0
5	14	0	1	0
5	15	0	1	0
5	16	0	1	0
5	17	0	1	0
5	18	0	1	0
5	19	0	1	0
5	20	0	1	0
5	21	0	1	0
5	22	0	1	0
5	23	0	1	0
5	24	0	1	0
5	25	0	1	0
5	26	0	1	0
5	27	0	1	0
5	28	0	1	0
5	29	0	1	0
5	30	0	1	0
5	31	0	1	0
5	32	0	1	0
5	33	0	1	0
5	34	0	1	0
5	35	0	1	0
5	36	0	1	0
5	37	0	1	0
5	38	0	1	0
5	39	0	1	0
5	40	0	1	0
5	41	0	1	0
5	42	0	1	0
5	43	0	1	0
5	44	0	1	0
5	45	0	1	0
5	46	0	1	0
5	47	0	1	0
5	48	0	1	0
5	49	0	1	0
5	50	0	1	0

10	1	0	1	0
10	2	0	1	0
10	3	0	1	0
10	4	0	1	0
10	5	0	1	0
10	6	0	1	0
10	7	0	1	0
10	8	0	1	0
10	9	0	1	0
10	10	0	1	0
10	11	0	1	0
10	12	0	1	0
10	13	0	1	0
10	14	0	1	0
10	15	0	1	0
10	16	0	1	0
10	17	0	1	0
10	18	0	1	0
10	19	0	1	0
10	20	0	1	0
10	21	0	1	0
10	22	0	1	0
10	23	0	1	0
10	24	0	1	0
10	25	0	1	0
10	26	0	1	0
10	27	0	1	0
10	28	0	1	0
10	29	0	1	0
10	30	0	1	0
10	31	0	1	0
10	32	0	1	0
10	33	0	1	0
10	34	0	1	0
10	35	0	1	0
10	36	0	1	0
10	37	0	1	0
10	38	0	1	0
10	39	0	1	0
10	40	0	1	0
10	41	0	1	0
10	42	0	1	0
10	43	0	1	0
10	44	0	1	0
10	45	0	1	0
10	46	0	1	0
10	47	0	1	0
10	48	0	1	0
10	49	0	1	0
10	50	0	1	0

15	1	0	1	0
15	2	0	1	0
15	3	0	1	0
15	4	0	1	0
15	5	0	1	0
15	6	0	1	0
15	7	0	1	0
15	8	0	1	0
15	9	0	1	0
15	10	0	1	0
15	11	0	1	0
15	12	0	1	0
15	13	0	1	0
15	14	0	1	0
15	15	0	1	0
15	16	0	1	0
15	17	0	1	0
15	18	0	1	0
15	19	0	1	0
15	20	0	1	0
15	21	0	1	0
15	22	0	1	0
15	23	0	1	0
15	24	0	1	0
15	25	0	1	0
15	26	0	1	0
15	27	0	1	0
15	28	0	1	0
15	29	0	1	0
15	30	0	1	0
15	31	0	1	0
15	32	0	1	0
15	33	0	1	0
15	34	0	1	0
15	35	0	1	0
15	36	0	1	0
15	37	0	1	0
15	38	0	1	0
15	39	0	1	0
15	40	0	1	0
15	41	0	1	0
15	42	0	1	0
15	43	0	1	0
15	44	0	1	0
15	45	0	1	0
15	46	0	1	0
15	47	0	1	0
15	48	0	1	0
15	49	0	1	0
15	50	0	1	0

20	1	0	1	0
20	2	0	1	0
20	3	0	1	0
20	4	0	1	0
20	5	0	1	0
20	6	0	1	0
20	7	0	1	0
20	8	0	1	0
20	9	0	1	0
20	10	0	1	0
20	11	0	1	0
20	12	0	1	0
20	13	0	1	0
20	14	0	1	0
20	15	0	1	0
20	16	0	1	0
20	17	0	1	0
20	18	0	1	0
20	19	0	1	0
20	20	0	1	0
20	21	0	1	0
20	22	0	1	0
20	23	0	1	0
20	24	0	1	0
20	25	0	1	0
20	26	0	1	0
20	27	0	1	0
20	28	0	1	0
20	29	0	1	0
20	30	0	1	0
20	31	0	1	0
20	32	0	1	0
20	33	0	1	0
20	34	0	1	0
20	35	0	1	0
20	36	0	1	0
20	37	0	1	0
20	38	0	1	0
20	39	0	1	0
20	40	0	1	0
20	41	0	1	0
20	42	0	1	0
20	43	0	1	0
20	44	0	1	0
20	45	0	1	0
20	46	0	1	0
20	47	0	1	0
20	48	0	1	0
20	49	0	1	0
20	50	0	1	0

25	1	0	1	0
25	2	0	1	0
25	3	0	1	0
25	4	0	1	0
25	5	0	1	0
25	6	0	1	0
25	7	0	1	0
25	8	0	1	0
25	9	0	1	0
25	10	0	1	0
25	11	0	1	0
25	12	0	1	0
25	13	0	1	0
25	14	0	1	0
25	15	0	1	0
25	16	0	1	0
25	17	0	1	0
25	18	0	1	0
25	19	0	1	0
25	20	0	1	0
25	21	0	1	0
25	22	0	1	0
25	23	0	1	0
25	24	0	1	0
25	25	0	1	0
25	26	0	1	0
25	27	0	1	0
25	28	0	1	0
25	29	0	1	0
25	30	0	1	0
25	31	0	1	0
25	32	0	1	0
25	33	0	1	0
25	34	0	1	0
25	35	0	1	0
25	36	0	1	0
25	37	0	1	0
25	38	0	1	0
25	39	0	1	0
25	40	0	1	0
25	41	0	1	0
25	42	0	1	0
25	43	0	1	0
25	44	0	1	0
25	45	0	1	0
25	46	0	1	0
25	47	0	1	0
25	48	0	1	0
25	49	0	1	0
25	50	0	1	0

30	1	0	1	0
30	2	0	1	0
30	3	0	1	0
30	4	0	1	0
30	5	0	1	0
30	6	0	1	0
30	7	0	1	0
30	8	0	1	0
30	9	0	1	0
30	10	0	1	0
30	11	0	1	0
30	12	0	1	0
30	13	0	1	0
30	14	0	1	0
30	15	0	1	0
30	16	0	1	0
30	17	0	1	0
30	18	0	1	0
30	19	0	1	0
30	20	0	1	0
30	21	0	1	0
30	22	0	1	0
30	23	0	1	0
30	24	0	1	0
30	25	0	1	0
30	26	0	1	0
30	27	0	1	0
30	28	0	1	0
30	29	0	1	0
30	30	0	1	0
30	31	0	1	0
30	32	0	1	0
30	33	0	1	0
30	34	0	1	0
30	35	0	1	0
30	36	0	1	0
30	37	0	1	0
30	38	0	1	0
30	39	0	1	0
30	40	0	1	0
30	41	0	1	0
30	42	0	1	0
30	43	0	1	0
30	44	0	1	0
30	45	0	1	0
30	46	0	1	0
30	47	0	1	0
30	48	0	1	0
30	49	0	1	0
30	50	0	1	0

35	1	0	1	0
35	2	0	1	0
35	3	0	1	0
35	4	0	1	0
35	5	0	1	0
35	6	0	1	0
35	7	0	1	0
35	8	0	1	0
35	9	0	1	0
35	10	0	1	0
35	11	0	1	0
35	12	0	1	0
35	13	0	1	0
35	14	0	1	0
35	15	0	1	0
35	16	0	1	0
35	17	0	1	0
35	18	0	1	0
35	19	0	1	0
35	20	0	1	0
35	21	0	1	0
35	22	0	1	0
35	23	0	1	0
35	24	0	1	0
35	25	0	1	0
35	26	0	1	0
35	27	0	1	0
35	28	0	1	0
35	29	0	1	0
35	30	0	1	0
35	31	0	1	0
35	32	0	1	0
35	33	0	1	0
35	34	0	1	0
35	35	0	1	0
35	36	0	1	0
35	37	0	1	0
35	38	0	1	0
35	39	0	1	0
35	40	0	1	0
35	41	0	1	0
35	42	0	1	0
35	43	0	1	0
35	44	0	1	0
35	45	0	1	0
35	46	0	1	0
35	47	0	1	0
35	48	0	1	0
35	49	0	1	0
35	50	0	1	0

40	1	0	1	0
40	2	0	1	0
40	3	0	1	0
40	4	0	1	0
40	5	0	1	0
40	6	0	1	0
40	7	0	1	0
40	8	0	1	0
40	9	0	1	0
40	10	0	1	0
40	11	0	1	0
40	12	0	1	0
40	13	0	1	0
40	14	0	1	0
40	15	0	1	0
40	16	0	1	0
40	17	0	1	0
40	18	0	1	0
40	19	0	1	0
40	20	0	1	0
40	21	0	1	0
40	22	0	1	0
40	23	0	1	0
40	24	0	1	0
40	25	0	1	0
40	26	0	1	0
40	27	0	1	0
40	28	0	1	0
40	29	0	1	0
40	30	0	1	0
40	31	0	1	0
40	32	0	1	0
40	33	0	1	0
40	34	0	1	0
40	35	0	1	0
40	36	0	1	0
40	37	0	1	0
40	38	0	1	0
40	39	0	1	0
40	40	0	1	0
40	41	0	1	0
40	42	0	1	0
40	43	0	1	0
40	44	0	1	0
40	45	0	1	0
40	46	0	1	0
40	47	0	1	0
40	48	0	1	0
40	49	0	1	0
40	50	0	1	0

45	1	0	1	0
45	2	0	1	0
45	3	0	1	0
45	4	0	1	0
45	5	0	1	0
45	6	0	1	0
45	7	0	1	0
45	8	0	1	0
45	9	0	1	0
45	10	0	1	0
45	11	0	1	0
45	12	0	1	0
45	13	0	1	0
45	14	0	1	0
45	15	0	1	0
45	16	0	1	0
45	17	0	1	0
45	18	0	1	0
45	19	0	1	0
45	20	0	1	0
45	21	0	1	0
45	22	0	1	0
45	23	0	1	0
45	24	0	1	0
45	25	0	1	0
45	26	0	1	0
45	27	0	1	0
45	28	0	1	0
45	29	0	1	0
45	30	0	1	0
45	31	0	1	0
45	32	0	1	0
45	33	0	1	0
45	34	0	1	0
45	35	0	1	0
45	36	0	1	0
45	37	0	1	0
45	38	0	1	0
45	39	0	1	0
45	40	0	1	0
45	41	0	1	0
45	42	0	1	0
45	43	0	1	0
45	44	0	1	0
45	45	0	1	0
45	46	0	1	0
45	47	0	1	0
45	48	0	1	0
45	49	0	1	0
45	50	0	1	0

50	1	0	1	0
50	2	0	1	0
50	3	0	1	0
50	4	0	1	0
50	5	0	1	0
50	6	0	1	0
50	7	0	1	0
50	8	0	1	0
50	9	0	1	0
50	10	0	1	0
50	11	0	1	0
50	12	0	1	0
50	13	0	1	0
50	14	0	1	0
50	15	0	1	0
50	16	0	1	0
50	17	0	1	0
50	18	0	1	0
50	19	0	1	0
50	20	0	1	0
50	21	0	1	0
50	22	0	1	0
50	23	0	1	0
50	24	0	1	0
50	25	0	1	0
50	26	0	1	0
50	27	0	1	0
50	28	0	1	0
50	29	0	1	0
50	30	0	1	0
50	31	0	1	0
50	32	0	1	0
50	33	0	1	0
50	34	0	1	0
50	35	0	1	0
50	36	0	1	0
50	37	0	1	0
50	38	0	1	0
50	39	0	1	0
50	40	0	1	0
50	41	0	1	0
50	42	0	1	0
50	43	0	1	0
50	44	0	1	0
50	45	0	1	0
50	46	0	1	0
50	47	0	1	0
50	48	0	1	0
50	49	0	1	0
50	50	0	1	0

55	1	0	1	0
55	2	0	1	0
55	3	0	1	0
55	4	0	1	0
55	5	0	1	0
55	6	0	1	0
55	7	0	1	0
55	8	0	1	0
55	9	0	1	0
55	10	0	1	0
55	11	0	1	0
55	12	0	1	0
55	13	0	1	0
55	14	0	1	0
55	15	0	1	0
55	16	0	1	0
55	17	0	1	0
55	18	0	1	0
55	19	0	1	0
55	20	0	1	0
55	21	0	1	0
55	22	0	1	0
55	23	0	1	0
55	24	0	1	0
55	25	0	1	0
55	26	0	1	0
55	27	0	1	0
55	28	0	1	0
55	29	0	1	0
55	30	0	1	0
55	31	0	1	0
55	32	0	1	0
55	33	0	1	0
55	34	0	1	0
55	35	0	1	0
55	36	0	1	0
55	37	0	1	0
55	38	0	1	0
55	39	0	1	0
55	40	0	1	0
55	41	0	1	0
55	42	0	1	0
55	43	0	1	0
55	44	0	1	0
55	45	0	1	0
55	46	0	1	0
55	47	0	1	0
55	48	0	1	0
55	49	0	1	0
55	50	0	1	0

60	1	0	1	0
60	2	0	1	0
60	3	0	1	0
60	4	0	1	0
60	5	0	1	0
60	6	0	1	0
60	7	0	1	0
60	8	0	1	0
60	9	0	1	0
60	10	0	1	0
60	11	0	1	0
60	12	0	1	0
60	13	0	1	0
60	14	0	1	0
60	15	0	1	0
60	16	0	1	0
60	17	0	1	0
60	18	0	1	0
60	19	0	1	0
60	20	0	1	0
60	21	0	1	0
60	22	0	1	0
60	23	0	1	0
60	24	0	1	0
60	25	0	1	0
60	26	0	1	0
60	27	0	1	0
60	28	0	1	0
60	29	0	1	0
60	30	0	1	0
60	31	0	1	0
60	32	0	1	0
60	33	0	1	0
60	34	0	1	0
60	35	0	1	0
60	36	0	1	0
60	37	0	1	0
60	38	0	1	0
60	39	0	1	0
60	40	0	1	0
60	41	0	1	0
60	42	0	1	0
60	43	0	1	0
60	44	0	1	0
60	45	0	1	0
60	46	0	1	0
60	47	0	1	0
60	48	0	1	0
60	49	0	1	0
60	50	0	1	0

65	1	0	1	0
65	2	0	1	0
65	3	0	1	0
65	4	0	1	0
65	5	0	1	0
65	6	0	1	0
65	7	0	1	0
65	8	0	1	0
65	9	0	1	0
65	10	0	1	0
65	11	0	1	0
65	12	0	1	0
65	13	0	1	0
65	14	0	1	0
65	15	0	1	0
65	16	0	1	0
65	17	0	1	0
65	18	0	1	0
65	19	0	1	0
65	20	0	1	0
65	21	0	1	0
65	22	0	1	0
65	23	0	1	0
65	24	0	1	0
65	25	0	1	0
65	26	0	1	0
65	27	0	1	0
65	28	0	1	0
65	29	0	1	0
65	30	0	1	0
65	31	0	1	0
65	32	0	1	0
65	33	0	1	0
65	34	0	1	0
65	35	0	1	0
65	36	0	1	0
65	37	0	1	0
65	38	0	1	0
65	39	0	1	0
65	40	0	1	0
65	41	0	1	0
65	42	0	1	0
65	43	0	1	0
65	44	0	1	0
65	45	0	1	0
65	46	0	1	0
65	47	0	1	0
65	48	0	1	0
65	49	0	1	0
65	50	0	1	0

70	1	0	1	0
70	2	0	1	0
70	3	0	1	0
70	4	0	1	0
70	5	0	1	0
70	6	0	1	0
70	7	0	1	0
70	8	0	1	0
70	9	0	1	0
70	10	0	1	0
70	11	0	1	0
70	12	0	1	0
70	13	0	1	0
70	14	0	1	0
70	15	0	1	0
70	16	0	1	0
70	17	0	1	0
70	18	0	1	0
70	19	0	1	0
70	20	0	1	0
70	21	0	1	0
70	22	0	1	0
70	23	0	1	0
70	24	0	1	0
70	25	0	1	0
70	26	0	1	0
70	27	0	1	0
70	28	0	1	0
70	29	0	1	0
70	30	0	1	0
70	31	0	1	0
70	32	0	1	0
70	33	0	1	0
70	34	0	1	0
70	35	0	1	0
70	36	0	1	0
70	37	0	1	0
70	38	0	1	0
70	39	0	1	0
70	40	0	1	0
70	41	0	1	0
70	42	0	1	0
70	43	0	1	0
70	44	0	1	0
70	45	0	1	0
70	46	0	1	0
70	47	0	1	0
70	48	0	1	0
70	49	0	1	0
70	50	0	1	0

75	1	0	1	0
75	2	0	1	0
75	3	0	1	0
75	4	0	1	0
75	5	0	1	0
75	6	0	1	0
75	7	0	1	0
75	8	0	1	0
75	9	0	1	0
75	10	0	1	0
75	11	0	1	0
75	12	0	1	0
75	13	0	1	0
75	14	0	1	0
75	15	0	1	0
75	16	0	1	0
75	17	0	1	0
75	18	0	1	0
75	19	0	1	0
75	20	0	1	0
75	21	0	1	0
75	22	0	1	0
75	23	0	1	0
75	24	0	1	0
75	25	0	1	0
75	26	0	1	0
75	27	0	1	0
75	28	0	1	0
75	29	0	1	0
75	30	0	1	0
75	31	0	1	0
75	32	0	1	0
75	33	0	1	0
75	34	0	1	0
75	35	0	1	0
75	36	0	1	0
75	37	0	1	0
75	38	0	1	0
75	39	0	1	0
75	40	0	1	0
75	41	0	1	0
75	42	0	1	0
75	43	0	1	0
75	44	0	1	0
75	45	0	1	0
75	46	0	1	0
75	47	0	1	0
75	48	0	1	0
75	49	0	1	0
75	50	0	1	0

80	1	0	1	0
80	2	0	1	0
80	3	0	1	0
80	4	0	1	0
80	5	0	1	0
80	6	0	1	0
80	7	0	1	0
80	8	0	1	0
80	9	0	1	0
80	10	0	1	0
80	11	0	1	0
80	12	0	1	0
80	13	0	1	0
80	14	0	1	0
80	15	0	1	0
80	16	0	1	0
80	17	0	1	0
80	18	0	1	0
80	19	0	1	0
80	20	0	1	0
80	21	0	1	0
80	22	0	1	0
80	23	0	1	0
80	24	0	1	0
80	25	0	1	0
80	26	0	1	0
80	27	0	1	0
80	28	0	1	0
80	29	0	1	0
80	30	0	1	0
80	31	0	1	0
80	32	0	1	0
80	33	0	1	0
80	34	0	1	0
80	35	0	1	0
80	36	0	1	0
80	37	0	1	0
80	38	0	1	0
80	39	0	1	0
80	40	0	1	0
80	41	0	1	0
80	42	0	1	0
80	43	0	1	0
80	44	0	1	0
80	45	0	1	0
80	46	0	1	0
80	47	0	1	0
80	48	0	1	0
80	49	0	1	0
80	50	0	1	0

85	1	0	1	0
85	2	0	1	0
85	3	0	1	0
85	4	0	1	0
85	5	0	1	0
85	6	0	1	0
85	7	0	1	0
85	8	0	1	0
85	9	0	1	0
85	10	0	1	0
85	11	0	1	0
85	12	0	1	0
85	13	0	1	0
85	14	0	1	0
85	15	0	1	0
85	16	0	1	0
85	17	0	1	0
85	18	0	1	0
85	19	0	1	0
85	20	0	1	0
85	21	0	1	0
85	22	0	1	0
85	23	0	1	0
85	24	0	1	0
85	25	0	1	0
85	26	0	1	0
85	27	0	1	0
85	28	0	1	0
85	29	0	1	0
85	30	0	1	0
85	31	0	1	0
85	32	0	1	0
85	33	0	1	0
85	34	0	1	0
85	35	0	1	0
85	36	0	1	0
85	37	0	1	0
85	38	0	1	0
85	39	0	1	0
85	40	0	1	0
85	41	0	1	0
85	42	0	1	0
85	43	0	1	0
85	44	0	1	0
85	45	0	1	0
85	46	0	1	0
85	47	0	1	0
85	48	0	1	0
85	49	0	1	0
85	50	0	1	0

90	1	0	1	0
90	2	0	1	0
90	3	0	1	0
90	4	0	1	0
90	5	0	1	0
90	6	0	1	0
90	7	0	1	0
90	8	0	1	0
90	9	0	1	0
90	10	0	1	0
90	11	0	1	0
90	12	0	1	0
90	13	0	1	0
90	14	0	1	0
90	15	0	1	0
90	16	0	1	0
90	17	0	1	0
90	18	0	1	0
90	19	0	1	0
90	20	0	1	0
90	21	0	1	0
90	22	0	1	0
90	23	0	1	0
90	24	0	1	0
90	25	0	1	0
90	26	0	1	0
90	27	0	1	0
90	28	0	1	0
90	29	0	1	0
90	30	0	1	0
90	31	0	1	0
90	32	0	1	0
90	33	0	1	0
90	34	0	1	0
90	35	0	1	0
90	36	0	1	0
90	37	0	1	0
90	38	0	1	0
90	39	0	1	0
90	40	0	1	0
90	41	0	1	0
90	42	0	1	0
90	43	0	1	0
90	44	0	1	0
90	45	0	1	0
90	46	0	1	0
90	47	0	1	0
90	48	0	1	0
90	49	0	1	0
90	50	0	1	0

95	1	0	1	0
95	2	0	1	0
95	3	0	1	0
95	4	0	1	0
95	5	0	1	0
95	6	0	1	0
95	7	0	1	0
95	8	0	1	0
95	9	0	1	0
95	10	0	1	0
95	11	0	1	0
95	12	0	1	0
95	13	0	1	0
95	14	0	1	0
95	15	0	1	0
95	16	0	1	0
95	17	0	1	0
95	18	0	1	0
95	19	0	1	0
95	20	0	1	0
95	21	0	1	0
95	22	0	1	0
95	23	0	1	0
95	24	0	1	0
95	25	0	1	0
95	26	0	1	0
95	27	0	1	0
95	28	0	1	0
95	29	0	1	0
95	30	0	1	0
95	31	0	1	0
95	32	0	1	0
95	33	0	1	0
95	34	0	1	0
95	35	0	1	0
95	36	0	1	0
95	37	0	1	0
95	38	0	1	0
95	39	0	1	0
95	40	0	1	0
95	41	0	1	0
95	42	0	1	0
95	43	0	1	0
95	44	0	1	0
95	45	0	1	0
95	46	0	1	0
95	47	0	1	0
95	48	0	1	0
95	49	0	1	0
95	50	0	1	0

100	1	0	1	0
100	2	0	1	0
100	3	0	1	0
100	4	0	1	0
100	5	0	1	0
100	6	0	1	0
100	7	0	1	0
100	8	0	1	0
100	9	0	1	0
100	10	0	1	0
100	11	0	1	0
100	12	0	1	0
100	13	0	1	0
100	14	0	1	0
100	15	0	1	0
100	16	0	1	0
100	17	0	1	0
100	18	0	1	0
100	19	0	1	0
100	20	0	1	0
100	21	0	1	0
100	22	0	1	0
100	23	0	1	0
100	24	0	1	0
100	25	0	1	0
100	26	0	1	0
100	27	0	1	0
100	28	0	1	0
100	29	0	1	0
100	30	0	1	0
100	31	0	1	0
100	32	0	1	0
100	33	0	1	0
100	34	0	1	0
100	35	0	1	0
100	36	0	1	0
100	37	0	1	0
100	38	0	1	0
100	39	0	1	0
100	40	0	1	0
100	41	0	1	0
100	42	0	1	0
100	43	0	1	0
100	44	0	1	0
100	45	0	1	0
100	46	0	1	0
100	47	0	1	0
100	48	0	1	0
100	49	0	1	0
100	50	0	1	0

105	1	0	1	0
105	2	0	1	0
105	3	0	1	0
105	4	0	1	0
105	5	0	1	0
105	6	0	1	0
105	7	0	1	0
105	8	0	1	0
105	9	0	1	0
105	10	0	1	0
105	11	0	1	0
105	12	0	1	0
105	13	0	1	0
105	14	0	1	0
105	15	0	1	0
105	16	0	1	0
105	17	0	1	0
105	18	0	1	0
105	19	0	1	0
105	20	0	1	0
105	21	0	1	0
105	22	0	1	0
105	23	0	1	0
105	24	0	1	0
105	25	0	1	0
105	26	0	1	0
105	27	0	1	0
105	28	0	1	0
105	29	0	1	0
105	30	0	1	0
105	31	0	1	0
105	32	0	1	0
105	33	0	1	0
105	34	0	1	0
105	35	0	1	0
105	36	0	1	0
105	37	0	1	0
105	38	0	1	0
105	39	0	1	0
105	40	0	1	0
105	41	0	1	0
105	42	0	1	0
105	43	0	1	0
105	44	0	1	0
105	45	0	1	0
105	46	0	1	0
105	47	0	1	0
105	48	0	1	0
105	49	0	1	0
105	50	0	1	0

110	1	0	1	0
110	2	0	1	0
110	3	0	1	0
110	4	0	1	0
110	5	0	1	0
110	6	0	1	0
110	7	0	1	0
110	8	0	1	0
110	9	0	1	0
110	10	0	1	0
110	11	0	1	0
110	12	0	1	0
110	13	0	1	0
110	14	0	1	0
110	15	0	1	0
110	16	0	1	0
110	17	0	1	0
110	18	0	1	0
110	19	0	1	0
110	20	0	1	0
110	21	0	1	0
110	22	0	1	0
110	23	0	1	0
110	24	0	1	0
110	25	0	1	0
110	26	0	1	0
110	27	0	1	0
110	28	0	1	0
110	29	0	1	0
110	30	0	1	0
110	31	0	1	0
110	32	0	1	0
110	33	0	1	0
110	34	0	1	0
110	35	0	1	0
110	36	0	1	0
110	37	0	1	0
110	38	0	1	0
110	39	0	1	0
110	40	0	1	0
110	41	0	1	0
110	42	0	1	0
110	43	0	1	0
110	44	0	1	0
110	45	0	1	0
110	46	0	1	0
110	47	0	1	0
110	48	0	1	0
110	49	0	1	0
110	50	0	1	0

115	1	0	1	0
115	2	0	1	0
115	3	0	1	0
115	4	0	1	0
115	5	0	1	0
115	6	0	1	0
115	7	0	1	0
115	8	0	1	0
115	9	0	1	0
115	10	0	1	0
115	11	0	1	0
115	12	0	1	0
115	13	0	1	0
115	14	0	1	0
115	15	0	1	0
115	16	0	1	0
115	17	0	1	0
115	18	0	1	0
115	19	0	1	0
115	20	0	1	0
115	21	0	1	0
115	22	0	1	0
115	23	0	1	0
115	24	0	1	0
115	25	0	1	0
115	26	0	1	0
115	27	0	1	0
115	28	0	1	0
115	29	0	1	0
115	30	0	1	0
115	31	0	1	0
115	32	0	1	0
115	33	0	1	0
115	34	0	1	0
115	35	0	1	0
115	36	0	1	0
115	37	0	1	0
115	38	0	1	0
115	39	0	1	0
115	40	0	1	0
115	41	0	1	0
115	42	0	1	0
115	43	0	1	0
115	44	0	1	0
115	45	0	1	0
115	46	0	1	0
115	47	0	1	0
115	48	0	1	0
115	49	0	1	0
115	50	0	1	0

120	1	0	1	0
120	2	0	1	0
120	3	0	1	0
120	4	0	1	0
120	5	0	1	0
120	6	0	1	0
120	7	0	1	0
120	8	0	1	0
120	9	0	1	0
120	10	0	1	0
120	11	0	1	0
120	12	0	1	0
120	13	0	1	0
120	14	0	1	0
120	15	0	1	0
120	16	0	1	0
120	17	0	1	0
120	18	0	1	0
120	19	0	1	0
120	20	0	1	0
120	21	0	1	0
120	22	0	1	0
120	23	0	1	0
120	24	0	1	0
120	25	0	1	0
120	26	0	1	0
120	27	0	1	0
120	28	0	1	0
120	29	0	1	0
120	30	0	1	0
120	31	0	1	0
120	32	0	1	0
120	33	0	1	0
120	34	0	1	0
120	35	0	1	0
120	36	0	1	0
120	37	0	1	0
120	38	0	1	0
120	39	0	1	0
120	40	0	1	0
120	41	0	1	0
120	42	0	1	0
120	43	0	1	0
120	44	0	1	0
120	45	0	1	0
120	46	0	1	0
120	47	0	1	0
120	48	0	1	0
120	49	0	1	0
120	50	0	1	0

125	1	0	1	0
125	2	0	1	0
125	3	0	1	0
125	4	0	1	0
125	5	0	1	0
125	6	0	1	0
125	7	0	1	0
125	8	0	1	0
125	9	0	1	0
125	10	0	1	0
125	11	0	1	0
125	12	0	1	0
125	13	0	1	0
125	14	0	1	0
125	15	0	1	0
125	16	0	1	0
125	17	0	1	0
125	18	0	1	0
125	19	0	1	0
125	20	0	1	0
125	21	0	1	0
125	22	0	1	0
125	23	0	1	0
125	24	0	1	0
125	25	0	1	0
125	26	0	1	0
125	27	0	1	0
125	28	0	1	0
125	29	0	1	0
125	30	0	1	0
125	31	0	1	0
125	32	0	1	0
125	33	0	1	0
125	34	0	1	0
125	35	0	1	0
125	36	0	1	0
125	37	0	1	0
125	38	0	1	0
125	39	0	1	0
125	40	0	1	0
125	41	0	1	0
125	42	0	1	0
125	43	0	1	0
125	44	0	1	0
125	45	0	1	0
125	46	0	1	0
125	47	0	1	0
125	48	0	1	0
125	49	0	1	0
125	50	0	1	0

130	1	0	1	0
130	2	0	1	0
130	3	0	1	0
130	4	0	1	0
130	5	0	1	0
130	6	0	1	0
130	7	0	1	0
130	8	0	1	0
130	9	0	1	0
130	10	0	1	0
130	11	0	1	0
130	12	0	1	0
130	13	0	1	0
130	14	0	1	0
130	15	0	1	0
130	16	0	1	0
130	17	0	1	0
130	18	0	1	0
130	19	0	1	0
130	20	0	1	0
130	21	0	1	0
130	22	0	1	0
130	23	0	1	0
130	24	0	1	0
130	25	0	1	0
130	26	0	1	0
130	27	0	1	0
130	28	0	1	0
130	29	0	1	0
130	30	0	1	0
130	31	0	1	0
130	32	0	1	0
130	33	0	1	0
130	34	0	1	0
130	35	0	1	0
130	36	0	1	0
130	37	0	1	0
130	38	0	1	0
130	39	0	1	0
130	40	0	1	0
130	41	0	1	0
130	42	0	1	0
130	43	0	1	0
130	44	0	1	0
130	45	0	1	0
130	46	0	1	0
130	47	0	1	0
130	48	0	1	0
130	49	0	1	0
130	50	0	1	0

135	1	0	1	0
135	2	0	1	0
135	3	0	1	0
135	4	0	1	0
135	5	0	1	0
135	6	0	1	0
135	7	0	1	0
135	8	0	1	0
135	9	0	1	0
135	10	0	1	0
135	11	0	1	0
135	12	0	1	0
135	13	0	1	0
135	14	0	1	0
135	15	0	1	0
135	16	0	1	0
135	17	0	1	0
135	18	0	1	0
135	19	0	1	0
135	20	0	1	0
135	21	0	1	0
135	22	0	1	0
135	23	0	1	0
135	24	0	1	0
135	25	0	1	0
135	26	0	1	0
135	27	0	1	0
135	28	0	1	0
135	29	0	1	0
135	30	0	1	0
135	31	0	1	0
135	32	0	1	0
135	33	0	1	0
135	34	0	1	0
135	35	0	1	0
135	36	0	1	0
135	37	0	1	0
135	38	0	1	0
135	39	0	1	0
135	40	0	1	0
135	41	0	1	0
135	42	0	1	0
135	43	0	1	0
135	44	0	1	0
135	45	0	1	0
135	46	0	1	0
135	47	0	1	0
135	48	0	1	0
135	49	0	1	0
135	50	0	1	0

140	1	0	1	0
140	2	0	1	0
140	3	0	1	0
140	4	0	1	0
140	5	0	1	0
140	6	0	1	0
140	7	0	1	0
140	8	0	1	0
140	9	0	1	0
140	10	0	1	0
140	11	0	1	0
140	12	0	1	0
140	13	0	1	0
140	14	0	1	0
140	15	0	1	0
140	16	0	1	0
140	17	0	1	0
140	18	0	1	0
140	19	0	1	0
140	20	0	1	0
140	21	0	1	0
140	22	0	1	0
140	23	0	1	0
140	24	0	1	0
140	25	0	1	0
140	26	0	1	0
140	27	0	1	0
140	28	0	1	0
140	29	0	1	0
140	30	0	1	0
140	31	0	1	0
140	32	0	1	0
140	33	0	1	0
140	34	0	1	0
140	35	0	1	0
140	36	0	1	0
140	37	0	1	0
140	38	0	1	0
140	39	0	1	0
140	40	0	1	0
140	41	0	1	0
140	42	0	1	0
140	43	0	1	0
140	44	0	1	0
140	45	0	1	0
140	46	0	1	0
140	47	0	1	0
140	48	0	1	0
140	49	0	1	0
140	50	0	1	0

145	1	0	1	0
145	2	0	1	0
145	3	0	1	0
145	4	0	1	0
145	5	0	1	0
145	6	0	1	0
145	7	0	1	0
145	8	0	1	0
145	9	0	1	0
145	10	0	1	0
145	11	0	1	0
145	12	0	1	0
145	13	0	1	0
145	14	0	1	0
145	15	0	1	0
145	16	0	1	0
145	17	0	1	0
145	18	0	1	0
145	19	0	1	0
145	20	0	1	0
145	21	0	1	0
145	22	0	1	0
145	23	0	1	0
145	24	0	1	0
145	25	0	1	0
145	26	0	1	0
145	27	0	1	0
145	28	0	1	0
145	29	0	1	0
145	30	0	1	0
145	31	0	1	0
145	32	0	1	0
145	33	0	1	0
145	34	0	1	0
145	35	0	1	0
145	36	0	1	0
145	37	0	1	0
145	38	0	1	0
145	39	0	1	0
145	40	0	1	0
145	41	0	1	0
145	42	0	1	0
145	43	0	1	0
145	44	0	1	0
145	45	0	1	0
145	46	0	1	0
145	47	0	1	0
145	48	0	1	0
145	49	0	1	0
145	50	0	1	0

150	1	0	1	0
150	2	0	1	0
150	3	0	1	0
150	4	0	1	0
150	5	0	1	0
150	6	0	1	0
150	7	0	1	0
150	8	0	1	0
150	9	0	1	0
150	10	0	1	0
150	11	0	1	0
150	12	0	1	0
150	13	0	1	0
150	14	0	1	0
150	15	0	1	0
150	16	0	1	0
150	17	0	1	0
150	18	0	1	0
150	19	0	1	0
150	20	0	1	0
150	21	0	1	0
150	22	0	1	0
150	23	0	1	0
150	24	0	1	0
150	25	0	1	0
150	26	0	1	0
150	27	0	1	0
150	28	0	1	0
150	29	0	1	0
150	30	0	1	0
150	31	0	1	0
150	32	0	1	0
150	33	0	1	0
150	34	0	1	0
150	35	0	1	0
150	36	0	1	0
150	37	0	1	0
150	38	0	1	0
150	39	0	1	0
150	40	0	1	0
150	41	0	1	0
150	42	0	1	0
150	43	0	1	0
150	44	0	1	0
150	45	0	1	0
150	46	0	1	0
150	47	0	1	0
150	48	0	1	0
150	49	0	1	0
150	50	0	1	0

155	1	0	1	0
155	2	0	1	0
155	3	0	1	0
155	4	0	1	0
155	5	0	1	0
155	6	0	1	0
155	7	0	1	0
155	8	0	1	0
155	9	0	1	0
155	10	0	1	0
155	11	0	1	0
155	12	0	1	0
155	13	0	1	0
155	14	0	1	0
155	15	0	1	0
155	16	0	1	0
155	17	0	1	0
155	18	0	1	0
155	19	0	1	0
155	20	0	1	0
155	21	0	1	0
155	22	0	1	0
155	23	0	1	0
155	24	0	1	0
155	25	0	1	0
155	26	0	1	0
155	27	0	1	0
155	28	0	1	0
155	29	0	1	0
155	30	0	1	0
155	31	0	1	0
155	32	0	1	0
155	33	0	1	0
155	34	0	1	0
155	35	0	1	0
155	36	0	1	0
155	37	0	1	0
155	38	0	1	0
155	39	0	1	0
155	40	0	1	0
155	41	0	1	0
155	42	0	1	0
155	43	0	1	0
155	44	0	1	0
155	45	0	1	0
155	46	0	1	0
155	47	0	1	0
155	48	0	1	0
155	49	0	1	0
155	50	0	1	0

160	1	0	1	0
160	2	0	1	0
160	3	0	1	0
160	4	0	1	0
160	5	0	1	0
160	6	0	1	0
160	7	0	1	0
160	8	0	1	0
160	9	0	1	0
160	10	0	1	0
160	11	0	1	0
160	12	0	1	0
160	13	0	1	0
160	14	0	1	0
160	15	0	1	0
160	16	0	1	0
160	17	0	1	0
160	18	0	1	0
160	19	0	1	0
160	20	0	1	0
160	21	0	1	0
160	22	0	1	0
160	23	0	1	0
160	24	0	1	0
160	25	0	1	0
160	26	0	1	0
160	27	0	1	0
160	28	0	1	0
160	29	0	1	0
160	30	0	1	0
160	31	0	1	0
160	32	0	1	0
160	33	0	1	0
160	34	0	1	0
160	35	0	1	0
160	36	0	1	0
160	37	0	1	0
160	38	0	1	0
160	39	0	1	0
160	40	0	1	0
160	41	0	1	0
160	42	0	1	0
160	43	0	1	0
160	44	0	1	0
160	45	0	1	0
160	46	0	1	0
160	47	0	1	0
160	48	0	1	0
160	49	0	1	0
160	50	0	1	0

165	1	0	1	0
165	2	0	1	0
165	3	0	1	0
165	4	0	1	0
165	5	0	1	0
165	6	0	1	0
165	7	0	1	0
165	8	0	1	0
165	9	0	1	0
165	10	0	1	0
165	11	0	1	0
165	12	0	1	0
165	13	0	1	0
165	14	0	1	0
165	15	0	1	0
165	16	0	1	0
165	17	0	1	0
165	18	0	1	0
165	19	0	1	0
165	20	0	1	0
165	21	0	1	0
165	22	0	1	0
165	23	0	1	0
165	24	0	1	0
165	25	0	1	0
165	26	0	1	0
165	27	0	1	0
165	28	0	1	0
165	29	0	1	0
165	30	0	1	0
165	31	0	1	0
165	32	0	1	0
165	33	0	1	0
165	34	0	1	0
165	35	0	1	0
165	36	0	1	0
165	37	0	1	0
165	38	0	1	0
165	39	0	1	0
165	40	0	1	0
165	41	0	1	0
165	42	0	1	0
165	43	0	1	0
165	44	0	1	0
165	45	0	1	0
165	46	0	1	0
165	47	0	1	0
165	48	0	1	0
165	49	0	1	0
165	50	0	1	0

170	1	0	1	0
170	2	0	1	0
170	3	0	1	0
170	4	0	1	0
170	5	0	1	0
170	6	0	1	0
170	7	0	1	0
170	8	0	1	0
170	9	0	1	0
170	10	0	1	0
170	11	0	1	0
170	12	0	1	0
170	13	0	1	0
170	14	0	1	0
170	15	0	1	0
170	16	0	1	0
170	17	0	1	0
170	18	0	1	0
170	19	0	1	0
170	20	0	1	0
170	21	0	1	0
170	22	0	1	0
170	23	0	1	0
170	24	0	1	0
170	25	0	1	0
170	26	0	1	0
170	27	0	1	0
170	28	0	1	0
170	29	0	1	0
170	30	0	1	0
170	31	0	1	0
170	32	0	1	0
170	33	0	1	0
170	34	0	1	0
170	35	0	1	0
170	36	0	1	0
170	37	0	1	0
170	38	0	1	0
170	39	0	1	0
170	40	0	1	0
170	41	0	1	0
170	42	0	1	0
170	43	0	1	0
170	44	0	1	0
170	45	0	1	0
170	46	0	1	0
170	47	0	1	0
170	48	0	1	0
170	49	0	1	0
170	50	0	1	0

175	1	0	1	0
175	2	0	1	0
175	3	0	1	0
175	4	0	1	0
175	5	0	1	0
175	6	0	1	0
175	7	0	1	0
175	8	0	1	0
175	9	0	1	0
175	10	0	1	0
175	11	0	1	0
175	12	0	1	0
175	13	0	1	0
175	14	0	1	0
175	15	0	1	0
175	16	0	1	0
175	17	0	1	0
175	18	0	1	0
175	19	0	1	0
175	20	0	1	0
175	21	0	1	0
175	22	0	1	0
175	23	0	1	0
175	24	0	1	0
175	25	0	1	0
175	26	0	1	0
175	27	0	1	0
175	28	0	1	0
175	29	0	1	0
175	30	0	1	0
175	31	0	1	0
175	32	0	1	0
175	33	0	1	0
175	34	0	1	0
175	35	0	1	0
175	36	0	1	0
175	37	0	1	0
175	38	0	1	0
175	39	0	1	0
175	40	0	1	0
175	41	0	1	0
175	42	0	1	0
175	43	0	1	0
175	44	0	1	0
175	45	0	1	0
175	46	0	1	0
175	47	0	1	0
175	48	0	1	0
175	49	0	1	0
175	50	0	1	0

180	1	0	1	0
180	2	0	1	0
180	3	0	1	0
180	4	0	1	0
180	5	0	1	0
180	6	0	1	0
180	7	0	1	0
180	8	0	1	0
180	9	0	1	0
180	10	0	1	0
180	11	0	1	0
180	12	0	1	0
180	13	0	1	0
180	14	0	1	0
180	15	0	1	0
180	16	0	1	0
180	17	0	1	0
180	18	0	1	0
180	19	0	1	0
180	20	0	1	0
180	21	0	1	0
180	22	0	1	0
180	23	0	1	0
180	24	0	1	0
180	25	0	1	0
180	26	0	1	0
180	27	0	1	0
180	28	0	1	0
180	29	0	1	0
180	30	0	1	0
180	31	0	1	0
180	32	0	1	0
180	33	0	1	0
180	34	0	1	0
180	35	0	1	0
180	36	0	1	0
180	37	0	1	0
180	38	0	1	0
180	39	0	1	0
180	40	0	1	0
180	41	0	1	0
180	42	0	1	0
180	43	0	1	0
180	44	0	1	0
180	45	0	1	0
180	46	0	1	0
180	47	0	1	0
180	48	0	1	0
180	49	0	1	0
180	50	0	1	0

185	1	0	1	0
185	2	0	1	0
185	3	0	1	0
185	4	0	1	0
185	5	0	1	0
185	6	0	1	0
185	7	0	1	0
185	8	0	1	0
185	9	0	1	0
185	10	0	1	0
185	11	0	1	0
185	12	0	1	0
185	13	0	1	0
185	14	0	1	0
185	15	0	1	0
185	16	0	1	0
185	17	0	1	0
185	18	0	1	0
185	19	0	1	0
185	20	0	1	0
185	21	0	1	0
185	22	0	1	0
185	23	0	1	0
185	24	0	1	0
185	25	0	1	0
185	26	0	1	0
185	27	0	1	0
185	28	0	1	0
185	29	0	1	0
185	30	0	1	0
185	31	0	1	0
185	32	0	1	0
185	33	0	1	0
185	34	0	1	0
185	35	0	1	0
185	36	0	1	0
185	37	0	1	0
185	38	0	1	0
185	39	0	1	0
185	40	0	1	0
185	41	0	1	0
185	42	0	1	0
185	43	0	1	0
185	44	0	1	0
185	45	0	1	0
185	46	0	1	0
185	47	0	1	0
185	48	0	1	0
185	49	0	1	0
185	50	0	1	0

190	1	0	1	0
190	2	0	1	0
190	3	0	1	0
190	4	0	1	0
190	5	0	1	0
190	6	0	1	0
190	7	0	1	0
190	8	0	1	0
190	9	0	1	0
190	10	0	1	0
190	11	0	1	0
190	12	0	1	0
190	13	0	1	0
190	14	0	1	0
190	15	0	1	0
190	16	0	1	0
190	17	0	1	0
190	18	0	1	0
190	19	0	1	0
190	20	0	1	0
190	21	0	1	0
190	22	0	1	0
190	23	0	1	0
190	24	0	1	0
190	25	0	1	0
190	26	0	1	0
190	27	0	1	0
190	28	0	1	0
190	29	0	1	0
190	30	0	1	0
190	31	0	1	0
190	32	0	1	0
190	33	0	1	0
190	34	0	1	0
190	35	0	1	0
190	36	0	1	0
190	37	0	1	0
190	38	0	1	0
190	39	0	1	0
190	40	0	1	0
190	41	0	1	0
190	42	0	1	0
190	43	0	1	0
190	44	0	1	0
190	45	0	1	0
190	46	0	1	0
190	47	0	1	0
190	48	0	1	0
190	49	0	1	0
190	50	0	1	0

195	1	0	1	0
195	2	0	1	0
195	3	0	1	0
195	4	0	1	0
195	5	0	1	0
195	6	0	1	0
195	7	0	1	0
195	8	0	1	0
195	9	0	1	0
195	10	0	1	0
195	11	0	1	0
195	12	0	1	0
195	13	0	1	0
195	14	0	1	0
195	15	0	1	0
195	16	0	1	0
195	17	0	1	0
195	18	0	1	0
195	19	0	1	0
195	20	0	1	0
195	21	0	1	0
195	22	0	1	0
195	23	0	1	0
195	24	0	1	0
195	25	0	1	0
195	26	0	1	0
195	27	0	1	0
195	28	0	1	0
195	29	0	1	0
195	30	0	1	0
195	31	0	1	0
195	32	0	1	0
195	33	0	1	0
195	34	0	1	0
195	35	0	1	0
195	36	0	1	0
195	37	0	1	0
195	38	0	1	0
195	39	0	1	0
195	40	0	1	0
195	41	0	1	0
195	42	0	1	0
195	43	0	1	0
195	44	0	1	0
195	45	0	1	0
195	46	0	1	0
195	47	0	1	0
195	48	0	1	0
195	49	0	1	0
195	50	0	1	0

200	1	0	1	0
200	2	0	1	0
200	3	0	1	0
200	4	0	1	0
200	5	0	1	0
200	6	0	1	0
200	7	0	1	0
200	8	0	1	0
200	9	0	1	0
200	10	0	1	0
200	11	0	1	0
200	12	0	1	0
200	13	0	1	0
200	14	0	1	0
200	15	0	1	0
200	16	0	1	0
200	17	0	1	0
200	18	0	1	0
200	19	0	1	0
200	20	0	1	0
200	21	0	1	0
200	22	0	1	0
200	23	0	1	0
200	24	0	1	0
200	25	0	1	0
200	26	0	1	0
200	27	0	1	0
200	28	0	1	0
200	29	0	1	0
200	30	0	1	0
200	31	0	1	0
200	32	0	1	0
200	33	0	1	0
200	34	0	1	0
200	35	0	1	0
200	36	0	1	0
200	37	0	1	0
200	38	0	1	0
200	39	0	1	0
200	40	0	1	0
200	41	0	1	0
200	42	0	1	0
200	43	0	1	0
200	44	0	1	0
200	45	0	1	0
200	46	0	1	0
200	47	0	1	0
200	48	0	1	0
200	49	0	1	0
200	50	0	1	0

205	1	0	1	0
205	2	0	1	0
205	3	0	1	0
205	4	0	1	0
205	5	0	1	0
205	6	0	1	0
205	7	0	1	0
205	8	0	1	0
205	9	0	1	0
205	10	0	1	0
205	11	0	1	0
205	12	0	1	0
205	13	0	1	0
205	14	0	1	0
205	15	0	1	0
205	16	0	1	0
205	17	0	1	0
205	18	0	1	0
205	19	0	1	0
205	20	0	1	0
205	21	0	1	0
205	22	0	1	0
205	23	0	1	0
205	24	0	1	0
205	25	0	1	0
205	26	0	1	0
205	27	0	1	0
205	28	0	1	0
205	29	0	1	0
205	30	0	1	0
205	31	0	1	0
205	32	0	1	0
205	33	0	1	0
205	34	0	1	0
205	35	0	1	0
205	36	0	1	0
205	37	0	1	0
205	38	0	1	0
205	39	0	1	0
205	40	0	1	0
205	41	0	1	0
205	42	0	1	0
205	43	0	1	0
205	44	0	1	0
205	45	0	1	0
205	46	0	1	0
205	47	0	1	0
205	48	0	1	0
205	49	0	1	0
205	50	0	1	0

210	1	0	1	0
210	2	0	1	0
210	3	0	1	0
210	4	0	1	0
210	5	0	1	0
210	6	0	1	0
210	7	0	1	0
210	8	0	1	0
210	9	0	1	0
210	10	0	1	0
210	11	0	1	0
210	12	0	1	0
210	13	0	1	0
210	14	0	1	0
210	15	0	1	0
210	16	0	1	0
210	17	0	1	0
210	18	0	1	0
210	19	0	1	0
210	20	0	1	0
210	21	0	1	0
210	22	0	1	0
210	23	0	1	0
210	24	0	1	0
210	25	0	1	0
210	26	0	1	0
210	27	0	1	0
210	28	0	1	0
210	29	0	1	0
210	30	0	1	0
210	31	0	1	0
210	32	0	1	0
210	33	0	1	0
210	34	0	1	0
210	35	0	1	0
210	36	0	1	0
210	37	0	1	0
210	38	0	1	0
210	39	0	1	0
210	40	0	1	0
210	41	0	1	0
210	42	0	1	0
210	43	0	1	0
210	44	0	1	0
210	45	0	1	0
210	46	0	1	0
210	47	0	1	0
210	48	0	1	0
210	49	0	1	0
210	50	0	1	0

215	1	0	1	0
215	2	0	1	0
215	3	0	1	0
215	4	0	1	0
215	5	0	1	0
215	6	0	1	0
215	7	0	1	0
215	8	0	1	0
215	9	0	1	0
215	10	0	1	0
215	11	0	1	0
215	12	0	1	0
215	13	0	1	0
215	14	0	1	0
215	15	0	1	0
215	16	0	1	0
215	17	0	1	0
215	18	0	1	0
215	19	0	1	0
215	20	0	1	0
215	21	0	1	0
215	22	0	1	0
215	23	0	1	0
215	24	0	1	0
215	25	0	1	0
215	26	0	1	0
215	27	0	1	0
215	28	0	1	0
215	29	0	1	0
215	30	0	1	0
215	31	0	1	0
215	32	0	1	0
215	33	0	1	0
215	34	0	1	0
215	35	0	1	0
215	36	0	1	0
215	37	0	1	0
215	38	0	1	0
215	39	0	1	0
215	40	0	1	0
215	41	0	1	0
215	42	0	1	0
215	43	0	1	0
215	44	0	1	0
215	45	0	1	0
215	46	0	1	0
215	47	0	1	0
215	48	0	1	0
215	49	0	1	0
215	50	0	1	0

220	1	0	1	0
220	2	0	1	0
220	3	0	1	0
220	4	0	1	0
220	5	0	1	0
220	6	0	1	0
220	7	0	1	0
220	8	0	1	0
220	9	0	1	0
220	10	0	1	0
220	11	0	1	0
220	12	0	1	0
220	13	0	1	0
220	14	0	1	0
220	15	0	1	0
220	16	0	1	0
220	17	0	1	0
220	18	0	1	0
220	19	0	1	0
220	20	0	1	0
220	21	0	1	0
220	22	0	1	0
220	23	0	1	0
220	24	0	1	0
220	25	0	1	0
220	26	0	1	0
220	27	0	1	0
220	28	0	1	0
220	29	0	1	0
220	30	0	1	0
220	31	0	1	0
220	32	0	1	0
220	33	0	1	0
220	34	0	1	0
220	35	0	1	0
220	36	0	1	0
220	37	0	1	0
220	38	0	1	0
220	39	0	1	0
220	40	0	1	0
220	41	0	1	0
220	42	0	1	0
220	43	0	1	0
220	44	0	1	0
220	45	0	1	0
220	46	0	1	0
220	47	0	1	0
220	48	0	1	0
220	49	0	1	0
220	50	0	1	0

225	1	0	1	0
225	2	0	1	0
225	3	0	1	0
225	4	0	1	0
225	5	0	1	0
225	6	0	1	0
225	7	0	1	0
225	8	0	1	0
225	9	0	1	0
225	10	0	1	0
225	11	0	1	0
225	12	0	1	0
225	13	0	1	0
225	14	0	1	0
225	15	0	1	0
225	16	0	1	0
225	17	0	1	0
225	18	0	1	0
225	19	0	1	0
225	20	0	1	0
225	21	0	1	0
225	22	0	1	0
225	23	0	1	0
225	24	0	1	0
225	25	0	1	0
225	26	0	1	0
225	27	0	1	0
225	28	0	1	0
225	29	0	1	0
225	30	0	1	0
225	31	0	1	0
225	32	0	1	0
225	33	0	1	0
225	34	0	1	0
225	35	0	1	0
225	36	0	1	0
225	37	0	1	0
225	38	0	1	0
225	39	0	1	0
225	40	0	1	0
225	41	0	1	0
225	42	0	1	0
225	43	0	1	0
225	44	0	1	0
225	45	0	1	0
225	46	0	1	0
225	47	0	1	0
225	48	0	1	0
225	49	0	1	0
225	50	0	1	0

230	1	0	1	0
230	2	0	1	0
230	3	0	1	0
230	4	0	1	0
230	5	0	1	0
230	6	0	1	0
230	7	0	1	0
230	8	0	1	0
230	9	0	1	0
230	10	0	1	0
230	11	0	1	0
230	12	0	1	0
230	13	0	1	0
230	14	0	1	0
230	15	0	1	0
230	16	0	1	0
230	17	0	1	0
230	18	0	1	0
230	19	0	1	0
230	20	0	1	0
230	21	0	1	0
230	22	0	1	0
230	23	0	1	0
230	24	0	1	0
230	25	0	1	0
230	26	0	1	0
230	27	0	1	0
230	28	0	1	0
230	29	0	1	0
230	30	0	1	0
230	31	0	1	0
230	32	0	1	0
230	33	0	1	0
230	34	0	1	0
230	35	0	1	0
230	36	0	1	0
230	37	0	1	0
230	38	0	1	0
230	39	0	1	0
230	40	0	1	0
230	41	0	1	0
230	42	0	1	0
230	43	0	1	0
230	44	0	1	0
230	45	0	1	0
230	46	0	1	0
230	47	0	1	0
230	48	0	1	0
230	49	0	1	0
230	50	0	1	0

235	1	0	1	0
235	2	0	1	0
235	3	0	1	0
235	4	0	1	0
235	5	0	1	0
235	6	0	1	0
235	7	0	1	0
235	8	0	1	0
235	9	0	1	0
235	10	0	1	0
235	11	0	1	0
235	12	0	1	0
235	13	0	1	0
235	14	0	1	0
235	15	0	1	0
235	16	0	1	0
235	17	0	1	0
235	18	0	1	0
235	19	0	1	0
235	20	0	1	0
235	21	0	1	0
235	22	0	1	0
235	23	0	1	0
235	24	0	1	0
235	25	0	1	0
235	26	0	1	0
235	27	0	1	0
235	28	0	1	0
235	29	0	1	0
235	30	0	1	0
235	31	0	1	0
235	32	0	1	0
235	33	0	1	0
235	34	0	1	0
235	35	0	1	0
235	36	0	1	0
235	37	0	1	0
235	38	0	1	0
235	39	0	1	0
235	40	0	1	0
235	41	0	1	0
235	42	0	1	0
235	43	0	1	0
235	44	0	1	0
235	45	0	1	0
235	46	0	1	0
235	47	0	1	0
235	48	0	1	0
235	49	0	1	0
235	50	0	1	0

240	1	0	1	0
240	2	0	1	0
240	3	0	1	0
240	4	0	1	0
240	5	0	1	0
240	6	0	1	0
240	7	0	1	0
240	8	0	1	0
240	9	0	1	0
240	10	0	1	0
240	11	0	1	0
240	12	0	1	0
240	13	0	1	0
240	14	0	1	0
240	15	0	1	0
240	16	0	1	0
240	17	0	1	0
240	18	0	1	0
240	19	0	1	0
240	20	0	1	0
240	21	0	1	0
240	22	0	1	0
240	23	0	1	0
240	24	0	1	0
240	25	0	1	0
240	26	0	1	0
240	27	0	1	0
240	28	0	1	0
240	29	0	1	0
240	30	0	1	0
240	31	0	1	0
240	32	0	1	0
240	33	0	1	0
240	34	0	1	0
240	35	0	1	0
240	36	0	1	0
240	37	0	1	0
240	38	0	1	0
240	39	0	1	0
240	40	0	1	0
240	41	0	1	0
240	42	0	1	0
240	43	0	1	0
240	44	0	1	0
240	45	0	1	0
240	46	0	1	0
240	47	0	1	0
240	48	0	1	0
240	49	0	1	0
240	50	0	1	0

245	1	0	1	0
245	2	0	1	0
245	3	0	1	0
245	4	0	1	0
245	5	0	1	0
245	6	0	1	0
245	7	0	1	0
245	8	0	1	0
245	9	0	1	0
245	10	0	1	0
245	11	0	1	0
245	12	0	1	0
245	13	0	1	0
245	14	0	1	0
245	15	0	1	0
245	16	0	1	0
245	17	0	1	0
245	18	0	1	0
245	19	0	1	0
245	20	0	1	0
245	21	0	1	0
245	22	0	1	0
245	23	0	1	0
245	24	0	1	0
245	25	0	1	0
245	26	0	1	0
245	27	0	1	0
245	28	0	1	0
245	29	0	1	0
245	30	0	1	0
245	31	0	1	0
245	32	0	1	0
245	33	0	1	0
245	34	0	1	0
245	35	0	1	0
245	36	0	1	0
245	37	0	1	0
245	38	0	1	0
245	39	0	1	0
245	40	0	1	0
245	41	0	1	0
245	42	0	1	0
245	43	0	1	0
245	44	0	1	0
245	45	0	1	0
245	46	0	1	0
245	47	0	1	0
245	48	0	1	0
245	49	0	1	0
245	50	0	1	0

250	1	0	1	0
250	2	0	1	0
250	3	0	1	0
250	4	0	1	0
250	5	0	1	0
250	6	0	1	0
250	7	0	1	0
250	8	0	1	0
250	9	0	1	0
250	10	0	1	0
250	11	0	1	0
250	12	0	1	0
250	13	0	1	0
250	14	0	1	0
250	15	0	1	0
250	16	0	1	0
250	17	0	1	0
250	18	0	1	0
250	19	0	1	0
250	20	0	1	0
250	21	0	1	0
250	22	0	1	0
250	23	0	1	0
250	24	0	1	0
250	25	0	1	0
250	26	0	1	0
250	27	0	1	0
250	28	0	1	0
250	29	0	1	0
250	30	0	1	0
250	31	0	1	0
250	32	0	1	0
250	33	0	1	0
250	34	0	1	0
250	35	0	1	0
250	36	0	1	0
250	37	0	1	0
250	38	0	1	0
250	39	0	1	0
250	40	0	1	0
250	41	0	1	0
250	42	0	1	0
250	43	0	1	0
250	44	0	1	0
250	45	0	1	0
250	46	0	1	0
250	47	0	1	0
250	48	0	1	0
250	49	0	1	0
250	50	0	1	0

255	1	0	1	0
255	2	0	1	0
255	3	0	1	0
255	4	0	1	0
255	5	0	1	0
255	6	0	1	0
255	7	0	1	0
255	8	0	1	0
255	9	0	1	0
255	10	0	1	0
255	11	0	1	0
255	12	0	1	0
255	13	0	1	0
255	14	0	1	0
255	15	0	1	0
255	16	0	1	0
255	17	0	1	0
255	18	0	1	0
255	19	0	1	0
255	20	0	1	0
255	21	0	1	0
255	22	0	1	0
255	23	0	1	0
255	24	0	1	0
255	25	0	1	0
255	26	0	1	0
255	27	0	1	0
255	28	0	1	0
255	29	0	1	0
255	30	0	1	0
255	31	0	1	0
255	32	0	1	0
255	33	0	1	0
255	34	0	1	0
255	35	0	1	0
255	36	0	1	0
255	37	0	1	0
255	38	0	1	0
255	39	0	1	0
255	40	0	1	0
255	41	0	1	0
255	42	0	1	0
255	43	0	1	0
255	44	0	1	0
255	45	0	1	0
255	46	0	1	0
255	47	0	1	0
255	48	0	1	0
255	49	0	1	0
255	50	0	1	0

260	1	0	1	0
260	2	0	1	0
260	3	0	1	0
260	4	0	1	0
260	5	0	1	0
260	6	0	1	0
260	7	0	1	0
260	8	0	1	0
260	9	0	1	0
260	10	0	1	0
260	11	0	1	0
260	12	0	1	0
260	13	0	1	0
260	14	0	1	0
260	15	0	1	0
260	16	0	1	0
260	17	0	1	0
260	18	0	1	0
260	19	0	1	0
260	20	0	1	0
260	21	0	1	0
260	22	0	1	0
260	23	0	1	0
260	24	0	1	0
260	25	0	1	0
260	26	0	1	0
260	27	0	1	0
260	28	0	1	0
260	29	0	1	0
260	30	0	1	0
260	31	0	1	0
260	32	0	1	0
260	33	0	1	0
260	34	0	1	0
260	35	0	1	0
260	36	0	1	0
260	37	0	1	0
260	38	0	1	0
260	39	0	1	0
260	40	0	1	0
260	41	0	1	0
260	42	0	1	0
260	43	0	1	0
260	44	0	1	0
260	45	0	1	0
260	46	0	1	0
260	47	0	1	0
260	48	0	1	0
260	49	0	1	0
260	50	0	1	0

265	1	0	1	0
265	2	0	1	0
265	3	0	1	0
265	4	0	1	0
265	5	0	1	0
265	6	0	1	0
265	7	0	1	0
265	8	0	1	0
265	9	0	1	0
265	10	0	1	0
265	11	0	1	0
265	12	0	1	0
265	13	0	1	0
265	14	0	1	0
265	15	0	1	0
265	16	0	1	0
265	17	0	1	0
265	18	0	1	0
265	19	0	1	0
265	20	0	1	0
265	21	0	1	0
265	22	0	1	0
265	23	0	1	0
265	24	0	1	0
265	25	0	1	0
265	26	0	1	0
265	27	0	1	0
265	28	0	1	0
265	29	0	1	0
265	30	0	1	0
265	31	0	1	0
265	32	0	1	0
265	33	0	1	0
265	34	0	1	0
265	35	0	1	0
265	36	0	1	0
265	37	0	1	0
265	38	0	1	0
265	39	0	1	0
265	40	0	1	0
265	41	0	1	0
265	42	0	1	0
265	43	0	1	0
265	44	0	1	0
265	45	0	1	0
265	46	0	1	0
265	47	0	1	0
265	48	0	1	0
265	49	0	1	0
265	50	0	1	0

270	1	0	1	0
270	2	0	1	0
270	3	0	1	0
270	4	0	1	0
270	5	0	1	0
270	6	0	1	0
270	7	0	1	0
270	8	0	1	0
270	9	0	1	0
270	10	0	1	0
270	11	0	1	0
270	12	0	1	0
270	13	0	1	0
270	14	0	1	0
270	15	0	1	0
270	16	0	1	0
270	17	0	1	0
270	18	0	1	0
270	19	0	1	0
270	20	0	1	0
270	21	0	1	0
270	22	0	1	0
270	23	0	1	0
270	24	0	1	0
270	25	0	1	0
270	26	0	1	0
270	27	0	1	0
270	28	0	1	0
270	29	0	1	0
270	30	0	1	0
270	31	0	1	0
270	32	0	1	0
270	33	0	1	0
270	34	0	1	0
270	35	0	1	0
270	36	0	1	0
270	37	0	1	0
270	38	0	1	0
270	39	0	1	0
270	40	0	1	0
270	41	0	1	0
270	42	0	1	0
270	43	0	1	0
270	44	0	1	0
270	45	0	1	0
270	46	0	1	0
270	47	0	1	0
270	48	0	1	0
270	49	0	1	0
270	50	0	1	0

275	1	0	1	0
275	2	0	1	0
275	3	0	1	0
275	4	0	1	0
275	5	0	1	0
275	6	0	1	0
275	7	0	1	0
275	8	0	1	0
275	9	0	1	0
275	10	0	1	0
275	11	0	1	0
275	12	0	1	0
275	13	0	1	0
275	14	0	1	0
275	15	0	1	0
275	16	0	1	0
275	17	0	1	0
275	18	0	1	0
275	19	0	1	0
275	20	0	1	0
275	21	0	1	0
275	22	0	1	0
275	23	0	1	0
275	24	0	1	0
275	25	0	1	0
275	26	0	1	0
275	27	0	1	0
275	28	0	1	0
275	29	0	1	0
275	30	0	1	0
275	31	0	1	0
275	32	0	1	0
275	33	0	1	0
275	34	0	1	0
275	35	0	1	0
275	36	0	1	0
275	37	0	1	0
275	38	0	1	0
275	39	0	1	0
275	40	0	1	0
275	41	0	1	0
275	42	0	1	0
275	43	0	1	0
275	44	0	1	0
275	45	0	1	0
275	46	0	1	0
275	47	0	1	0
275	48	0	1	0
275	49	0	1	0
275	50	0	1	0

280	1	0	1	0
280	2	0	1	0
280	3	0	1	0
280	4	0	1	0
280	5	0	1	0
280	6	0	1	0
280	7	0	1	0
280	8	0	1	0
280	9	0	1	0
280	10	0	1	0
280	11	0	1	0
280	12	0	1	0
280	13	0	1	0
280	14	0	1	0
280	15	0	1	0
280	16	0	1	0
280	17	0	1	0
280	18	0	1	0
280	19	0	1	0
280	20	0	1	0
280	21	0	1	0
280	22	0	1	0
280	23	0	1	0
280	24	0	1	0
280	25	0	1	0
280	26	0	1	0
280	27	0	1	0
280	28	0	1	0
280	29	0	1	0
280	30	0	1	0
280	31	0	1	0
280	32	0	1	0
280	33	0	1	0
280	34	0	1	0
280	35	0	1	0
280	36	0	1	0
280	37	0	1	0
280	38	0	1	0
280	39	0	1	0
280	40	0	1	0
280	41	0	1	0
280	42	0	1	0
280	43	0	1	0
280	44	0	1	0
280	45	0	1	0
280	46	0	1	0
280	47	0	1	0
280	48	0	1	0
280	49	0	1	0
280	50	0	1	0

285	1	0	1	0
285	2	0	1	0
285	3	0	1	0
285	4	0	1	0
285	5	0	1	0
285	6	0	1	0
285	7	0	1	0
285	8	0	1	0
285	9	0	1	0
285	10	0	1	0
285	11	0	1	0
285	12	0	1	0
285	13	0	1	0
285	14	0	1	0
285	15	0	1	0
285	16	0	1	0
285	17	0	1	0
285	18	0	1	0
285	19	0	1	0
285	20	0	1	0
285	21	0	1	0
285	22	0	1	0
285	23	0	1	0
285	24	0	1	0
285	25	0	1	0
285	26	0	1	0
285	27	0	1	0
285	28	0	1	0
285	29	0	1	0
285	30	0	1	0
285	31	0	1	0
285	32	0	1	0
285	33	0	1	0
285	34	0	1	0
285	35	0	1	0
285	36	0	1	0
285	37	0	1	0
285	38	0	1	0
285	39	0	1	0
285	40	0	1	0
285	41	0	1	0
285	42	0	1	0
285	43	0	1	0
285	44	0	1	0
285	45	0	1	0
285	46	0	1	0
285	47	0	1	0
285	48	0	1	0
285	49	0	1	0
285	50	0	1	0

290	1	0	1	0
290	2	0	1	0
290	3	0	1	0
290	4	0	1	0
290	5	0	1	0
290	6	0	1	0
290	7	0	1	0
290	8	0	1	0
290	9	0	1	0
290	10	0	1	0
290	11	0	1	0
290	12	0	1	0
290	13	0	1	0
290	14	0	1	0
290	15	0	1	0
290	16	0	1	0
290	17	0	1	0
290	18	0	1	0
290	19	0	1	0
290	20	0	1	0
290	21	0	1	0
290	22	0	1	0
290	23	0	1	0
290	24	0	1	0
290	25	0	1	0
290	26	0	1	0
290	27	0	1	0
290	28	0	1	0
290	29	0	1	0
290	30	0	1	0
290	31	0	1	0
290	32	0	1	0
290	33	0	1	0
290	34	0	1	0
290	35	0	1	0
290	36	0	1	0
290	37	0	1	0
290	38	0	1	0
290	39	0	1	0
290	40	0	1	0
290	41	0	1	0
290	42	0	1	0
290	43	0	1	0
290	44	0	1	0
290	45	0	1	0
290	46	0	1	0
290	47	0	1	0
290	48	0	1	0
290	49	0	1	0
290	50	0	1	0

295	1	0	1	0
295	2	0	1	0
295	3	0	1	0
295	4	0	1	0
295	5	0	1	0
295	6	0	1	0
295	7	0	1	0
295	8	0	1	0
295	9	0	1	0
295	10	0	1	0
295	11	0	1	0
295	12	0	1	0
295	13	0	1	0
295	14	0	1	0
295	15	0	1	0
295	16	0	1	0
295	17	0	1	0
295	18	0	1	0
295	19	0	1	0
295	20	0	1	0
295	21	0	1	0
295	22	0	1	0
295	23	0	1	0
295	24	0	1	0
295	25	0	1	0
295	26	0	1	0
295	27	0	1	0
295	28	0	1	0
295	29	0	1	0
295	30	0	1	0
295	31	0	1	0
295	32	0	1	0
295	33	0	1	0
295	34	0	1	0
295	35	0	1	0
295	36	0	1	0
295	37	0	1	0
295	38	0	1	0
295	39	0	1	0
295	40	0	1	0
295	41	0	1	0
295	42	0	1	0
295	43	0	1	0
295	44	0	1	0
295	45	0	1	0
295	46	0	1	0
295	47	0	1	0
295	48	0	1	0
295	49	0	1	0
295	50	0	1	0

300	1	0	1	0
300	2	0	1	0
300	3	0	1	0
300	4	0	1	0
300	5	0	1	0
300	6	0	1	0
300	7	0	1	0
300	8	0	1	0
300	9	0	1	0
300	10	0	1	0
300	11	0	1	0
300	12	0	1	0
300	13	0	1	0
300	14	0	1	0
300	15	0	1	0
300	16	0	1	0
300	17	0	1	0
300	18	0	1	0
300	19	0	1	0
300	20	0	1	0
300	21	0	1	0
300	22	0	1	0
300	23	0	1	0
300	24	0	1	0
300	25	0	1	0
300	26	0	1	0
300	27	0	1	0
300	28	0	1	0
300	29	0	1	0
300	30	0	1	0
300	31	0	1	0
300	32	0	1	0
300	33	0	1	0
300	34	0	1	0
300	35	0	1	0
300	36	0	1	0
300	37	0	1	0
300	38	0	1	0
300	39	0	1	0
300	40	0	1	0
300	41	0	1	0
300	42	0	1	0
300	43	0	1	0
300	44	0	1	0
300	45	0	1	0
300	46	0	1	0
300	47	0	1	0
300	48	0	1	0
300	49	0	1	0
300	50	0	1	0

305	1	0	1	0
305	2	0	1	0
305	3	0	1	0
305	4	0	1	0
305	5	0	1	0
305	6	0	1	0
305	7	0	1	0
305	8	0	1	0
305	9	0	1	0
305	10	0	1	0
305	11	0	1	0
305	12	0	1	0
305	13	0	1	0
305	14	0	1	0
305	15	0	1	0
305	16	0	1	0
305	17	0	1	0
305	18	0	1	0
305	19	0	1	0
305	20	0	1	0
305	21	0	1	0
305	22	0	1	0
305	23	0	1	0
305	24	0	1	0
305	25	0	1	0
305	26	0	1	0
305	27	0	1	0
305	28	0	1	0
305	29	0	1	0
305	30	0	1	0
305	31	0	1	0
305	32	0	1	0
305	33	0	1	0
305	34	0	1	0
305	35	0	1	0
305	36	0	1	0
305	37	0	1	0
305	38	0	1	0
305	39	0	1	0
305	40	0	1	0
305	41	0	1	0
305	42	0	1	0
305	43	0	1	0
305	44	0	1	0
305	45	0	1	0
305	46	0	1	0
305	47	0	1	0
305	48	0	1	0
305	49	0	1	0
305	50	0	1	0

310	1	0	1	0
310	2	0	1	0
310	3	0	1	0
310	4	0	1	0
310	5	0	1	0
310	6	0	1	0
310	7	0	1	0
310	8	0	1	0
310	9	0	1	0
310	10	0	1	0
310	11	0	1	0
310	12	0	1	0
310	13	0	1	0
310	14	0	1	0
310	15	0	1	0
310	16	0	1	0
310	17	0	1	0
310	18	0	1	0
310	19	0	1	0
310	20	0	1	0
310	21	0	1	0
310	22	0	1	0
310	23	0	1	0
310	24	0	1	0
310	25	0	1	0
310	26	0	1	0
310	27	0	1	0
310	28	0	1	0
310	29	0	1	0
310	30	0	1	0
310	31	0	1	0
310	32	0	1	0
310	33	0	1	0
310	34	0	1	0
310	35	0	1	0
310	36	0	1	0
310	37	0	1	0
310	38	0	1	0
310	39	0	1	0
310	40	0	1	0
310	41	0	1	0
310	42	0	1	0
310	43	0	1	0
310	44	0	1	0
310	45	0	1	0
310	46	0	1	0
310	47	0	1	0
310	48	0	1	0
310	49	0	1	0
310	50	0	1	0

315	1	0	1	0
315	2	0	1	0
315	3	0	1	0
315	4	0	1	0
315	5	0	1	0
315	6	0	1	0
315	7	0	1	0
315	8	0	1	0
315	9	0	1	0
315	10	0	1	0
315	11	0	1	0
315	12	0	1	0
315	13	0	1	0
315	14	0	1	0
315	15	0	1	0
315	16	0	1	0
315	17	0	1	0
315	18	0	1	0
315	19	0	1	0
315	20	0	1	0
315	21	0	1	0
315	22	0	1	0
315	23	0	1	0
315	24	0	1	0
315	25	0	1	0
315	26	0	1	0
315	27	0	1	0
315	28	0	1	0
315	29	0	1	0
315	30	0	1	0
315	31	0	1	0
315	32	0	1	0
315	33	0	1	0
315	34	0	1	0
315	35	0	1	0
315	36	0	1	0
315	37	0	1	0
315	38	0	1	0
315	39	0	1	0
315	40	0	1	0
315	41	0	1	0
315	42	0	1	0
315	43	0	1	0
315	44	0	1	0
315	45	0	1	0
315	46	0	1	0
315	47	0	1	0
315	48	0	1	0
315	49	0	1	0
315	50	0	1	0

320	1	0	1	0
320	2	0	1	0
320	3	0	1	0
320	4	0	1	0
320	5	0	1	0
320	6	0	1	0
320	7	0	1	0
320	8	0	1	0
320	9	0	1	0
320	10	0	1	0
320	11	0	1	0
320	12	0	1	0
320	13	0	1	0
320	14	0	1	0
320	15	0	1	0
320	16	0	1	0
320	17	0	1	0
320	18	0	1	0
320	19	0	1	0
320	20	0	1	0
320	21	0	1	0
320	22	0	1	0
320	23	0	1	0
320	24	0	1	0
320	25	0	1	0
320	26	0	1	0
320	27	0	1	0
320	28	0	1	0
320	29	0	1	0
320	30	0	1	0
320	31	0	1	0
320	32	0	1	0
320	33	0	1	0
320	34	0	1	0
320	35	0	1	0
320	36	0	1	0
320	37	0	1	0
320	38	0	1	0
320	39	0	1	0
320	40	0	1	0
320	41	0	1	0
320	42	0	1	0
320	43	0	1	0
320	44	0	1	0
320	45	0	1	0
320	46	0	1	0
320	47	0	1	0
320	48	0	1	0
320	49	0	1	0
320	50	0	1	0

325	1	0	1	0
325	2	0	1	0
325	3	0	1	0
325	4	0	1	0
325	5	0	1	0
325	6	0	1	0
325	7	0	1	0
325	8	0	1	0
325	9	0	1	0
325	10	0	1	0
325	11	0	1	0
325	12	0	1	0
325	13	0	1	0
325	14	0	1	0
325	15	0	1	0
325	16	0	1	0
325	17	0	1	0
325	18	0	1	0
325	19	0	1	0
325	20	0	1	0
325	21	0	1	0
325	22	0	1	0
325	23	0	1	0
325	24	0	1	0
325	25	0	1	0
325	26	0	1	0
325	27	0	1	0
325	28	0	1	0
325	29	0	1	0
325	30	0	1	0
325	31	0	1	0
325	32	0	1	0
325	33	0	1	0
325	34	0	1	0
325	35	0	1	0
325	36	0	1	0
325	37	0	1	0
325	38	0	1	0
325	39	0	1	0
325	40	0	1	0
325	41	0	1	0
325	42	0	1	0
325	43	0	1	0
325	44	0	1	0
325	45	0	1	0
325	46	0	1	0
325	47	0	1	0
325	48	0	1	0
325	49	0	1	0
325	50	0	1	0

330	1	0	1	0
330	2	0	1	0
330	3	0	1	0
330	4	0	1	0
330	5	0	1	0
330	6	0	1	0
330	7	0	1	0
330	8	0	1	0
330	9	0	1	0
330	10	0	1	0
330	11	0	1	0
330	12	0	1	0
330	13	0	1	0
330	14	0	1	0
330	15	0	1	0
330	16	0	1	0
330	17	0	1	0
330	18	0	1	0
330	19	0	1	0
330	20	0	1	0
330	21	0	1	0
330	22	0	1	0
330	23	0	1	0
330	24	0	1	0
330	25	0	1	0
330	26	0	1	0
330	27	0	1	0
330	28	0	1	0
330	29	0	1	0
330	30	0	1	0
330	31	0	1	0
330	32	0	1	0
330	33	0	1	0
330	34	0	1	0
330	35	0	1	0
330	36	0	1	0
330	37	0	1	0
330	38	0	1	0
330	39	0	1	0
330	40	0	1	0
330	41	0	1	0
330	42	0	1	0
330	43	0	1	0
330	44	0	1	0
330	45	0	1	0
330	46	0	1	0
330	47	0	1	0
330	48	0	1	0
330	49	0	1	0
330	50	0	1	0

335	1	0	1	0
335	2	0	1	0
335	3	0	1	0
335	4	0	1	0
335	5	0	1	0
335	6	0	1	0
335	7	0	1	0
335	8	0	1	0
335	9	0	1	0
335	10	0	1	0
335	11	0	1	0
335	12	0	1	0
335	13	0	1	0
335	14	0	1	0
335	15	0	1	0
335	16	0	1	0
335	17	0	1	0
335	18	0	1	0
335	19	0	1	0
335	20	0	1	0
335	21	0	1	0
335	22	0	1	0
335	23	0	1	0
335	24	0	1	0
335	25	0	1	0
335	26	0	1	0
335	27	0	1	0
335	28	0	1	0
335	29	0	1	0
335	30	0	1	0
335	31	0	1	0
335	32	0	1	0
335	33	0	1	0
335	34	0	1	0
335	35	0	1	0
335	36	0	1	0
335	37	0	1	0
335	38	0	1	0
335	39	0	1	0
335	40	0	1	0
335	41	0	1	0
335	42	0	1	0
335	43	0	1	0
335	44	0	1	0
335	45	0	1	0
335	46	0	1	0
335	47	0	1	0
335	48	0	1	0
335	49	0	1	0
335	50	0	1	0

340	1	0	1	0
340	2	0	1	0
340	3	0	1	0
340	4	0	1	0
340	5	0	1	0
340	6	0	1	0
340	7	0	1	0
340	8	0	1	0
340	9	0	1	0
340	10	0	1	0
340	11	0	1	0
340	12	0	1	0
340	13	0	1	0
340	14	0	1	0
340	15	0	1	0
340	16	0	1	0
340	17	0	1	0
340	18	0	1	0
340	19	0	1	0
340	20	0	1	0
340	21	0	1	0
340	22	0	1	0
340	23	0	1	0
340	24	0	1	0
340	25	0	1	0
340	26	0	1	0
340	27	0	1	0
340	28	0	1	0
340	29	0	1	0
340	30	0	1	0
340	31	0	1	0
340	32	0	1	0
340	33	0	1	0
340	34	0	1	0
340	35	0	1	0
340	36	0	1	0
340	37	0	1	0
340	38	0	1	0
340	39	0	1	0
340	40	0	1	0
340	41	0	1	0
340	42	0	1	0
340	43	0	1	0
340	44	0	1	0
340	45	0	1	0
340	46	0	1	0
340	47	0	1	0
340	48	0	1	0
340	49	0	1	0
340	50	0	1	0

345	1	0	1	0
345	2	0	1	0
345	3	0	1	0
345	4	0	1	0
345	5	0	1	0
345	6	0	1	0
345	7	0	1	0
345	8	0	1	0
345	9	0	1	0
345	10	0	1	0
345	11	0	1	0
345	12	0	1	0
345	13	0	1	0
345	14	0	1	0
345	15	0	1	0
345	16	0	1	0
345	17	0	1	0
345	18	0	1	0
345	19	0	1	0
345	20	0	1	0
345	21	0	1	0
345	22	0	1	0
345	23	0	1	0
345	24	0	1	0
345	25	0	1	0
345	26	0	1	0
345	27	0	1	0
345	28	0	1	0
345	29	0	1	0
345	30	0	1	0
345	31	0	1	0
345	32	0	1	0
345	33	0	1	0
345	34	0	1	0
345	35	0	1	0
345	36	0	1	0
345	37	0	1	0
345	38	0	1	0
345	39	0	1	0
345	40	0	1	0
345	41	0	1	0
345	42	0	1	0
345	43	0	1	0
345	44	0	1	0
345	45	0	1	0
345	46	0	1	0
345	47	0	1	0
345	48	0	1	0
345	49	0	1	0
345	50	0	1	0

350	1	0	1	0
350	2	0	1	0
350	3	0	1	0
350	4	0	1	0
350	5	0	1	0
350	6	0	1	0
350	7	0	1	0
350	8	0	1	0
350	9	0	1	0
350	10	0	1	0
350	11	0	1	0
350	12	0	1	0
350	13	0	1	0
350	14	0	1	0
350	15	0	1	0
350	16	0	1	0
350	17	0	1	0
350	18	0	1	0
350	19	0	1	0
350	20	0	1	0
350	21	0	1	0
350	22	0	1	0
350	23	0	1	0
350	24	0	1	0
350	25	0	1	0
350	26	0	1	0
350	27	0	1	0
350	28	0	1	0
350	29	0	1	0
350	30	0	1	0
350	31	0	1	0
350	32	0	1	0
350	33	0	1	0
350	34	0	1	0
350	35	0	1	0
350	36	0	1	0
350	37	0	1	0
350	38	0	1	0
350	39	0	1	0
350	40	0	1	0
350	41	0	1	0
350	42	0	1	0
350	43	0	1	0
350	44	0	1	0
350	45	0	1	0
350	46	0	1	0
350	47	0	1	0
350	48	0	1	0
350	49	0	1	0
350	50	0	1	0

355	1	0	1	0
355	2	0	1	0
355	3	0	1	0
355	4	0	1	0
355	5	0	1	0
355	6	0	1	0
355	7	0	1	0
355	8	0	1	0
355	9	0	1	0
355	10	0	1	0
355	11	0	1	0
355	12	0	1	0
355	13	0	1	0
355	14	0	1	0
355	15	0	1	0
355	16	0	1	0
355	17	0	1	0
355	18	0	1	0
355	19	0	1	0
355	20	0	1	0
355	21	0	1	0
355	22	0	1	0
355	23	0	1	0
355	24	0	1	0
355	25	0	1	0
355	26	0	1	0
355	27	0	1	0
355	28	0	1	0
355	29	0	1	0
355	30	0	1	0
355	31	0	1	0
355	32	0	1	0
355	33	0	1	0
355	34	0	1	0
355	35	0	1	0
355	36	0	1	0
355	37	0	1	0
355	38	0	1	0
355	39	0	1	0
355	40	0	1	0
355	41	0	1	0
355	42	0	1	0
355	43	0	1	0
355	44	0	1	0
355	45	0	1	0
355	46	0	1	0
355	47	0	1	0
355	48	0	1	0
355	49	0	1	0
355	50	0	1	0

360	1	0	1	0
360	2	0	1	0
360	3	0	1	0
360	4	0	1	0
360	5	0	1	0
360	6	0	1	0
360	7	0	1	0
360	8	0	1	0
360	9	0	1	0
360	10	0	1	0
360	11	0	1	0
360	12	0	1	0
360	13	0	1	0
360	14	0	1	0
360	15	0	1	0
360	16	0	1	0
360	17	0	1	0
360	18	0	1	0
360	19	0	1	0
360	20	0	1	0
360	21	0	1	0
360	22	0	1	0
360	23	0	1	0
360	24	0	1	0
360	25	0	1	0
360	26	0	1	0
360	27	0	1	0
360	28	0	1	0
360	29	0	1	0
360	30	0	1	0
360	31	0	1	0
360	32	0	1	0
360	33	0	1	0
360	34	0	1	0
360	35	0	1	0
360	36	0	1	0
360	37	0	1	0
360	38	0	1	0
360	39	0	1	0
360	40	0	1	0
360	41	0	1	0
360	42	0	1	0
360	43	0	1	0
360	44	0	1	0
360	45	0	1	0
360	46	0	1	0
360	47	0	1	0
360	48	0	1	0
360	49	0	1	0
360	50	0	1	0

365	1	0	1	0
365	2	0	1	0
365	3	0	1	0
365	4	0	1	0
365	5	0	1	0
365	6	0	1	0
365	7	0	1	0
365	8	0	1	0
365	9	0	1	0
365	10	0	1	0
365	11	0	1	0
365	12	0	1	0
365	13	0	1	0
365	14	0	1	0
365	15	0	1	0
365	16	0	1	0
365	17	0	1	0
365	18	0	1	0
365	19	0	1	0
365	20	0	1	0
365	21	0	1	0
365	22	0	1	0
365	23	0	1	0
365	24	0	1	0
365	25	0	1	0
365	26	0	1	0
365	27	0	1	0
365	28	0	1	0
365	29	0	1	0
365	30	0	1	0
365	31	0	1	0
365	32	0	1	0
365	33	0	1	0
365	34	0	1	0
365	35	0	1	0
365	36	0	1	0
365	37	0	1	0
365	38	0	1	0
365	39	0	1	0
365	40	0	1	0
365	41	0	1	0
365	42	0	1	0
365	43	0	1	0
365	44	0	1	0
365	45	0	1	0
365	46	0	1	0
365	47	0	1	0
365	48	0	1	0
365	49	0	1	0
365	50	0	1	0

370	1	0	1	0
370	2	0	1	0
370	3	0	1	0
370	4	0	1	0
370	5	0	1	0
370	6	0	1	0
370	7	0	1	0
370	8	0	1	0
370	9	0	1	0
370	10	0	1	0
370	11	0	1	0
370	12	0	1	0
370	13	0	1	0
370	14	0	1	0
370	15	0	1	0
370	16	0	1	0
370	17	0	1	0
370	18	0	1	0
370	19	0	1	0
370	20	0	1	0
370	21	0	1	0
370	22	0	1	0
370	23	0	1	0
370	24	0	1	0
370	25	0	1	0
370	26	0	1	0
370	27	0	1	0
370	28	0	1	0
370	29	0	1	0
370	30	0	1	0
370	31	0	1	0
370	32	0	1	0
370	33	0	1	0
370	34	0	1	0
370	35	0	1	0
370	36	0	1	0
370	37	0	1	0
370	38	0	1	0
370	39	0	1	0
370	40	0	1	0
370	41	0	1	0
370	42	0	1	0
370	43	0	1	0
370	44	0	1	0
370	45	0	1	0
370	46	0	1	0
370	47	0	1	0
370	48	0	1	0
370	49	0	1	0
370	50	0	1	0

375	1	0	1	0
375	2	0	1	0
375	3	0	1	0
375	4	0	1	0
375	5	0	1	0
375	6	0	1	0
375	7	0	1	0
375	8	0	1	0
375	9	0	1	0
375	10	0	1	0
375	11	0	1	0
375	12	0	1	0
375	13	0	1	0
375	14	0	1	0
375	15	0	1	0
375	16	0	1	0
375	17	0	1	0
375	18	0	1	0
375	19	0	1	0
375	20	0	1	0
375	21	0	1	0
375	22	0	1	0
375	23	0	1	0
375	24	0	1	0
375	25	0	1	0
375	26	0	1	0
375	27	0	1	0
375	28	0	1	0
375	29	0	1	0
375	30	0	1	0
375	31	0	1	0
375	32	0	1	0
375	33	0	1	0
375	34	0	1	0
375	35	0	1	0
375	36	0	1	0
375	37	0	1	0
375	38	0	1	0
375	39	0	1	0
375	40	0	1	0
375	41	0	1	0
375	42	0	1	0
375	43	0	1	0
375	44	0	1	0
375	45	0	1	0
375	46	0	1	0
375	47	0	1	0
375	48	0	1	0
375	49	0	1	0
375	50	0	1	0

380	1	0	1	0
380	2	0	1	0
380	3	0	1	0
380	4	0	1	0
380	5	0	1	0
380	6	0	1	0
380	7	0	1	0
380	8	0	1	0
380	9	0	1	0
380	10	0	1	0
380	11	0	1	0
380	12	0	1	0
380	13	0	1	0
380	14	0	1	0
380	15	0	1	0
380	16	0	1	0
380	17	0	1	0
380	18	0	1	0
380	19	0	1	0
380	20	0	1	0
380	21	0	1	0
380	22	0	1	0
380	23	0	1	0
380	24	0	1	0
380	25	0	1	0
380	26	0	1	0
380	27	0	1	0
380	28	0	1	0
380	29	0	1	0
380	30	0	1	0
380	31	0	1	0
380	32	0	1	0
380	33	0	1	0
380	34	0	1	0
380	35	0	1	0
380	36	0	1	0
380	37	0	1	0
380	38	0	1	0
380	39	0	1	0
380	40	0	1	0
380	41	0	1	0
380	42	0	1	0
380	43	0	1	0
380	44	0	1	0
380	45	0	1	0
380	46	0	1	0
380	47	0	1	0
380	48	0	1	0
380	49	0	1	0
380	50	0	1	0

385	1	0	1	0
385	2	0	1	0
385	3	0	1	0
385	4	0	1	0
385	5	0	1	0
385	6	0	1	0
385	7	0	1	0
385	8	0	1	0
385	9	0	1	0
385	10	0	1	0
385	11	0	1	0
385	12	0	1	0
385	13	0	1	0
385	14	0	1	0
385	15	0	1	0
385	16	0	1	0
385	17	0	1	0
385	18	0	1	0
385	19	0	1	0
385	20	0	1	0
385	21	0	1	0
385	22	0	1	0
385	23	0	1	0
385	24	0	1	0
385	25	0	1	0
385	26	0	1	0
385	27	0	1	0
385	28	0	1	0
385	29	0	1	0
385	30	0	1	0
385	31	0	1	0
385	32	0	1	0
385	33	0	1	0
385	34	0	1	0
385	35	0	1	0
385	36	0	1	0
385	37	0	1	0
385	38	0	1	0
385	39	0	1	0
385	40	0	1	0
385	41	0	1	0
385	42	0	1	0
385	43	0	1	0
385	44	0	1	0
385	45	0	1	0
385	46	0	1	0
385	47	0	1	0
385	48	0	1	0
385	49	0	1	0
385	50	0	1	0

390	1	0	1	0
390	2	0	1	0
390	3	0	1	0
390	4	0	1	0
390	5	0	1	0
390	6	0	1	0
390	7	0	1	0
390	8	0	1	0
390	9	0	1	0
390	10	0	1	0
390	11	0	1	0
390	12	0	1	0
390	13	0	1	0
390	14	0	1	0
390	15	0	1	0
390	16	0	1	0
390	17	0	1	0
390	18	0	1	0
390	19	0	1	0
390	20	0	1	0
390	21	0	1	0
390	22	0	1	0
390	23	0	1	0
390	24	0	1	0
390	25	0	1	0
390	26	0	1	0
390	27	0	1	0
390	28	0	1	0
390	29	0	1	0
390	30	0	1	0
390	31	0	1	0
390	32	0	1	0
390	33	0	1	0
390	34	0	1	0
390	35	0	1	0
390	36	0	1	0
390	37	0	1	0
390	38	0	1	0
390	39	0	1	0
390	40	0	1	0
390	41	0	1	0
390	42	0	1	0
390	43	0	1	0
390	44	0	1	0
390	45	0	1	0
390	46	0	1	0
390	47	0	1	0
390	48	0	1	0
390	49	0	1	0
390	50	0	1	0

395	1	0	1	0
395	2	0	1	0
395	3	0	1	0
395	4	0	1	0
395	5	0	1	0
395	6	0	1	0
395	7	0	1	0
395	8	0	1	0
395	9	0	1	0
395	10	0	1	0
395	11	0	1	0
395	12	0	1	0
395	13	0	1	0
395	14	0	1	0
395	15	0	1	0
395	16	0	1	0
395	17	0	1	0
395	18	0	1	0
395	19	0	1	0
395	20	0	1	0
395	21	0	1	0
395	22	0	1	0
395	23	0	1	0
395	24	0	1	0
395	25	0	1	0
395	26	0	1	0
395	27	0	1	0
395	28	0	1	0
395	29	0	1	0
395	30	0	1	0
395	31	0	1	0
395	32	0	1	0
395	33	0	1	0
395	34	0	1	0
395	35	0	1	0
395	36	0	1	0
395	37	0	1	0
395	38	0	1	0
395	39	0	1	0
395	40	0	1	0
395	41	0	1	0
395	42	0	1	0
395	43	0	1	0
395	44	0	1	0
395	45	0	1	0
395	46	0	1	0
395	47	0	1	0
395	48	0	1	0
395	49	0	1	0
395	50	0	1	0

400	1	0	1	0
400	2	0	1	0
400	3	0	1	0
400	4	0	1	0
400	5	0	1	0
400	6	0	1	0
400	7	0	1	0
400	8	0	1	0
400	9	0	1	0
400	10	0	1	0
400	11	0	1	0
400	12	0	1	0
400	13	0	1	0
400	14	0	1	0
400	15	0	1	0
400	16	0	1	0
400	17	0	1	0
400	18	0	1	0
400	19	0	1	0
400	20	0	1	0
400	21	0	1	0
400	22	0	1	0
400	23	0	1	0
400	24	0	1	0
400	25	0	1	0
400	26	0	1	0
400	27	0	1	0
400	28	0	1	0
400	29	0	1	0
400	30	0	1	0
400	31	0	1	0
400	32	0	1	0
400	33	0	1	0
400	34	0	1	0
400	35	0	1	0
400	36	0	1	0
400	37	0	1	0
400	38	0	1	0
400	39	0	1	0
400	40	0	1	0
400	41	0	1	0
400	42	0	1	0
400	43	0	1	0
400	44	0	1	0
400	45	0	1	0
400	46	0	1	0
400	47	0	1	0
400	48	0	1	0
400	49	0	1	0
400	50	0	1	0

405	1	0	1	0
405	2	0	1	0
405	3	0	1	0
405	4	0	1	0
405	5	0	1	0
405	6	0	1	0
405	7	0	1	0
405	8	0	1	0
405	9	0	1	0
405	10	0	1	0
405	11	0	1	0
405	12	0	1	0
405	13	0	1	0
405	14	0	1	0
405	15	0	1	0
405	16	0	1	0
405	17	0	1	0
405	18	0	1	0
405	19	0	1	0
405	20	0	1	0
405	21	0	1	0
405	22	0	1	0
405	23	0	1	0
405	24	0	1	0
405	25	0	1	0
405	26	0	1	0
405	27	0	1	0
405	28	0	1	0
405	29	0	1	0
405	30	0	1	0
405	31	0	1	0
405	32	0	1	0
405	33	0	1	0
405	34	0	1	0
405	35	0	1	0
405	36	0	1	0
405	37	0	1	0
405	38	0	1	0
405	39	0	1	0
405	40	0	1	0
405	41	0	1	0
405	42	0	1	0
405	43	0	1	0
405	44	0	1	0
405	45	0	1	0
405	46	0	1	0
405	47	0	1	0
405	48	0	1	0
405	49	0	1	0
405	50	0	1	0

410	1	0	1	0
410	2	0	1	0
410	3	0	1	0
410	4	0	1	0
410	5	0	1	0
410	6	0	1	0
410	7	0	1	0
410	8	0	1	0
410	9	0	1	0
410	10	0	1	0
410	11	0	1	0
410	12	0	1	0
410	13	0	1	0
410	14	0	1	0
410	15	0	1	0
410	16	0	1	0
410	17	0	1	0
410	18	0	1	0
410	19	0	1	0
410	20	0	1	0
410	21	0	1	0
410	22	0	1	0
410	23	0	1	0
410	24	0	1	0
410	25	0	1	0
410	26	0	1	0
410	27	0	1	0
410	28	0	1	0
410	29	0	1	0
410	30	0	1	0
410	31	0	1	0
410	32	0	1	0
410	33	0	1	0
410	34	0	1	0
410	35	0	1	0
410	36	0	1	0
410	37	0	1	0
410	38	0	1	0
410	39	0	1	0
410	40	0	1	0
410	41	0	1	0
410	42	0	1	0
410	43	0	1	0
410	44	0	1	0
410	45	0	1	0
410	46	0	1	0
410	47	0	1	0
410	48	0	1	0
410	49	0	1	0
410	50	0	1	0

415	1	0	1	0
415	2	0	1	0
415	3	0	1	0
415	4	0	1	0
415	5	0	1	0
415	6	0	1	0
415	7	0	1	0
415	8	0	1	0
415	9	0	1	0
415	10	0	1	0
415	11	0	1	0
415	12	0	1	0
415	13	0	1	0
415	14	0	1	0
415	15	0	1	0
415	16	0	1	0
415	17	0	1	0
415	18	0	1	0
415	19	0	1	0
415	20	0	1	0
415	21	0	1	0
415	22	0	1	0
415	23	0	1	0
415	24	0	1	0
415	25	0	1	0
415	26	0	1	0
415	27	0	1	0
415	28	0	1	0
415	29	0	1	0
415	30	0	1	0
415	31	0	1	0
415	32	0	1	0
415	33	0	1	0
415	34	0	1	0
415	35	0	1	0
415	36	0	1	0
415	37	0	1	0
415	38	0	1	0
415	39	0	1	0
415	40	0	1	0
415	41	0	1	0
415	42	0	1	0
415	43	0	1	0
415	44	0	1	0
415	45	0	1	0
415	46	0	1	0
415	47	0	1	0
415	48	0	1	0
415	49	0	1	0
415	50	0	1	0

420	1	0	1	0
420	2	0	1	0
420	3	0	1	0
420	4	0	1	0
420	5	0	1	0
420	6	0	1	0
420	7	0	1	0
420	8	0	1	0
420	9	0	1	0
420	10	0	1	0
420	11	0	1	0
420	12	0	1	0
420	13	0	1	0
420	14	0	1	0
420	15	0	1	0
420	16	0	1	0
420	17	0	1	0
420	18	0	1	0
420	19	0	1	0
420	20	0	1	0
420	21	0	1	0
420	22	0	1	0
420	23	0	1	0
420	24	0	1	0
420	25	0	1	0
420	26	0	1	0
420	27	0	1	0
420	28	0	1	0
420	29	0	1	0
420	30	0	1	0
420	31	0	1	0
420	32	0	1	0
420	33	0	1	0
420	34	0	1	0
420	35	0	1	0
420	36	0	1	0
420	37	0	1	0
420	38	0	1	0
420	39	0	1	0
420	40	0	1	0
420	41	0	1	0
420	42	0	1	0
420	43	0	1	0
420	44	0	1	0
420	45	0	1	0
420	46	0	1	0
420	47	0	1	0
420	48	0	1	0
420	49	0	1	0
420	50	0	1	0

425	1	0	1	0
425	2	0	1	0
425	3	0	1	0
425	4	0	1	0
425	5	0	1	0
425	6	0	1	0
425	7	0	1	0
425	8	0	1	0
425	9	0	1	0
425	10	0	1	0
425	11	0	1	0
425	12	0	1	0
425	13	0	1	0
425	14	0	1	0
425	15	0	1	0
425	16	0	1	0
425	17	0	1	0
425	18	0	1	0
425	19	0	1	0
425	20	0	1	0
425	21	0	1	0
425	22	0	1	0
425	23	0	1	0
425	24	0	1	0
425	25	0	1	0
425	26	0	1	0
425	27	0	1	0
425	28	0	1	0
425	29	0	1	0
425	30	0	1	0
425	31	0	1	0
425	32	0	1	0
425	33	0	1	0
425	34	0	1	0
425	35	0	1	0
425	36	0	1	0
425	37	0	1	0
425	38	0	1	0
425	39	0	1	0
425	40	0	1	0
425	41	0	1	0
425	42	0	1	0
425	43	0	1	0
425	44	0	1	0
425	45	0	1	0
425	46	0	1	0
425	47	0	1	0
425	48	0	1	0
425	49	0	1	0
425	50	0	1	0

430	1	0	1	0
430	2	0	1	0
430	3	0	1	0
430	4	0	1	0
430	5	0	1	0
430	6	0	1	0
430	7	0	1	0
430	8	0	1	0
430	9	0	1	0
430	10	0	1	0
430	11	0	1	0
430	12	0	1	0
430	13	0	1	0
430	14	0	1	0
430	15	0	1	0
430	16	0	1	0
430	17	0	1	0
430	18	0	1	0
430	19	0	1	0
430	20	0	1	0
430	21	0	1	0
430	22	0	1	0
430	23	0	1	0
430	24	0	1	0
430	25	0	1	0
430	26	0	1	0
430	27	0	1	0
430	28	0	1	0
430	29	0	1	0
430	30	0	1	0
430	31	0	1	0
430	32	0	1	0
430	33	0	1	0
430	34	0	1	0
430	35	0	1	0
430	36	0	1	0
430	37	0	1	0
430	38	0	1	0
430	39	0	1	0
430	40	0	1	0
430	41	0	1	0
430	42	0	1	0
430	43	0	1	0
430	44	0	1	0
430	45	0	1	0
430	46	0	1	0
430	47	0	1	0
430	48	0	1	0
430	49	0	1	0
430	50	0	1	0

435	1	0	1	0
435	2	0	1	0
435	3	0	1	0
435	4	0	1	0
435	5	0	1	0
435	6	0	1	0
435	7	0	1	0
435	8	0	1	0
435	9	0	1	0
435	10	0	1	0
435	11	0	1	0
435	12	0	1	0
435	13	0	1	0
435	14	0	1	0
435	15	0	1	0
435	16	0	1	0
435	17	0	1	0
435	18	0	1	0
435	19	0	1	0
435	20	0	1	0
435	21	0	1	0
435	22	0	1	0
435	23	0	1	0
435	24	0	1	0
435	25	0	1	0
435	26	0	1	0
435	27	0	1	0
435	28	0	1	0
435	29	0	1	0
435	30	0	1	0
435	31	0	1	0
435	32	0	1	0
435	33	0	1	0
435	34	0	1	0
435	35	0	1	0
435	36	0	1	0
435	37	0	1	0
435	38	0	1	0
435	39	0	1	0
435	40	0	1	0
435	41	0	1	0
435	42	0	1	0
435	43	0	1	0
435	44	0	1	0
435	45	0	1	0
435	46	0	1	0
435	47	0	1	0
435	48	0	1	0
435	49	0	1	0
435	50	0	1	0

440	1	0	1	0
440	2	0	1	0
440	3	0	1	0
440	4	0	1	0
440	5	0	1	0
440	6	0	1	0
440	7	0	1	0
440	8	0	1	0
440	9	0	1	0
440	10	0	1	0
440	11	0	1	0
440	12	0	1	0
440	13	0	1	0
440	14	0	1	0
440	15	0	1	0
440	16	0	1	0
440	17	0	1	0
440	18	0	1	0
440	19	0	1	0
440	20	0	1	0
440	21	0	1	0
440	22	0	1	0
440	23	0	1	0
440	24	0	1	0
440	25	0	1	0
440	26	0	1	0
440	27	0	1	0
440	28	0	1	0
440	29	0	1	0
440	30	0	1	0
440	31	0	1	0
440	32	0	1	0
440	33	0	1	0
440	34	0	1	0
440	35	0	1	0
440	36	0	1	0
440	37	0	1	0
440	38	0	1	0
440	39	0	1	0
440	40	0	1	0
440	41	0	1	0
440	42	0	1	0
440	43	0	1	0
440	44	0	1	0
440	45	0	1	0
440	46	0	1	0
440	47	0	1	0
440	48	0	1	0
440	49	0	1	0
440	50	0	1	0

445	1	0	1	0
445	2	0	1	0
445	3	0	1	0
445	4	0	1	0
445	5	0	1	0
445	6	0	1	0
445	7	0	1	0
445	8	0	1	0
445	9	0	1	0
445	10	0	1	0
445	11	0	1	0
445	12	0	1	0
445	13	0	1	0
445	14	0	1	0
445	15	0	1	0
445	16	0	1	0
445	17	0	1	0
445	18	0	1	0
445	19	0	1	0
445	20	0	1	0
445	21	0	1	0
445	22	0	1	0
445	23	0	1	0
445	24	0	1	0
445	25	0	1	0
445	26	0	1	0
445	27	0	1	0
445	28	0	1	0
445	29	0	1	0
445	30	0	1	0
445	31	0	1	0
445	32	0	1	0
445	33	0	1	0
445	34	0	1	0
445	35	0	1	0
445	36	0	1	0
445	37	0	1	0
445	38	0	1	0
445	39	0	1	0
445	40	0	1	0
445	41	0	1	0
445	42	0	1	0
445	43	0	1	0
445	44	0	1	0
445	45	0	1	0
445	46	0	1	0
445	47	0	1	0
445	48	0	1	0
445	49	0	1	0
445	50	0	1	0

450	1	0	1	0
450	2	0	1	0
450	3	0	1	0
450	4	0	1	0
450	5	0	1	0
450	6	0	1	0
450	7	0	1	0
450	8	0	1	0
450	9	0	1	0
450	10	0	1	0
450	11	0	1	0
450	12	0	1	0
450	13	0	1	0
450	14	0	1	0
450	15	0	1	0
450	16	0	1	0
450	17	0	1	0
450	18	0	1	0
450	19	0	1	0
450	20	0	1	0
450	21	0	1	0
450	22	0	1	0
450	23	0	1	0
450	24	0	1	0
450	25	0	1	0
450	26	0	1	0
450	27	0	1	0
450	28	0	1	0
450	29	0	1	0
450	30	0	1	0
450	31	0	1	0
450	32	0	1	0
450	33	0	1	0
450	34	0	1	0
450	35	0	1	0
450	36	0	1	0
450	37	0	1	0
450	38	0	1	0
450	39	0	1	0
450	40	0	1	0
450	41	0	1	0
450	42	0	1	0
450	43	0	1	0
450	44	0	1	0
450	45	0	1	0
450	46	0	1	0
450	47	0	1	0
450	48	0	1	0
450	49	0	1	0
450	50	0	1	0

455	1	0	1	0
455	2	0	1	0
455	3	0	1	0
455	4	0	1	0
455	5	0	1	0
455	6	0	1	0
455	7	0	1	0
455	8	0	1	0
455	9	0	1	0
455	10	0	1	0
455	11	0	1	0
455	12	0	1	0
455	13	0	1	0
455	14	0	1	0
455	15	0	1	0
455	16	0	1	0
455	17	0	1	0
455	18	0	1	0
455	19	0	1	0
455	20	0	1	0
455	21	0	1	0
455	22	0	1	0
455	23	0	1	0
455	24	0	1	0
455	25	0	1	0
455	26	0	1	0
455	27	0	1	0
455	28	0	1	0
455	29	0	1	0
455	30	0	1	0
455	31	0	1	0
455	32	0	1	0
455	33	0	1	0
455	34	0	1	0
455	35	0	1	0
455	36	0	1	0
455	37	0	1	0
455	38	0	1	0
455	39	0	1	0
455	40	0	1	0
455	41	0	1	0
455	42	0	1	0
455	43	0	1	0
455	44	0	1	0
455	45	0	1	0
455	46	0	1	0
455	47	0	1	0
455	48	0	1	0
455	49	0	1	0
455	50	0	1	0

460	1	0	1	0
460	2	0	1	0
460	3	0	1	0
460	4	0	1	0
460	5	0	1	0
460	6	0	1	0
460	7	0	1	0
460	8	0	1	0
460	9	0	1	0
460	10	0	1	0
460	11	0	1	0
460	12	0	1	0
460	13	0	1	0
460	14	0	1	0
460	15	0	1	0
460	16	0	1	0
460	17	0	1	0
460	18	0	1	0
460	19	0	1	0
460	20	0	1	0
460	21	0	1	0
460	22	0	1	0
460	23	0	1	0
460	24	0	1	0
460	25	0	1	0
460	26	0	1	0
460	27	0	1	0
460	28	0	1	0
460	29	0	1	0
460	30	0	1	0
460	31	0	1	0
460	32	0	1	0
460	33	0	1	0
460	34	0	1	0
460	35	0	1	0
460	36	0	1	0
460	37	0	1	0
460	38	0	1	0
460	39	0	1	0
460	40	0	1	0
460	41	0	1	0
460	42	0	1	0
460	43	0	1	0
460	44	0	1	0
460	45	0	1	0
460	46	0	1	0
460	47	0	1	0
460	48	0	1	0
460	49	0	1	0
460	50	0	1	0

465	1	0	1	0
465	2	0	1	0
465	3	0	1	0
465	4	0	1	0
465	5	0	1	0
465	6	0	1	0
465	7	0	1	0
465	8	0	1	0
465	9	0	1	0
465	10	0	1	0
465	11	0	1	0
465	12	0	1	0
465	13	0	1	0
465	14	0	1	0
465	15	0	1	0
465	16	0	1	0
465	17	0	1	0
465	18	0	1	0
465	19	0	1	0
465	20	0	1	0
465	21	0	1	0
465	22	0	1	0
465	23	0	1	0
465	24	0	1	0
465	25	0	1	0
465	26	0	1	0
465	27	0	1	0
465	28	0	1	0
465	29	0	1	0
465	30	0	1	0
465	31	0	1	0
465	32	0	1	0
465	33	0	1	0
465	34	0	1	0
465	35	0	1	0
465	36	0	1	0
465	37	0	1	0
465	38	0	1	0
465	39	0	1	0
465	40	0	1	0
465	41	0	1	0
465	42	0	1	0
465	43	0	1	0
465	44	0	1	0
465	45	0	1	0
465	46	0	1	0
465	47	0	1	0
465	48	0	1	0
465	49	0	1	0
465	50	0	1	0

470	1	0	1	0
470	2	0	1	0
470	3	0	1	0
470	4	0	1	0
470	5	0	1	0
470	6	0	1	0
470	7	0	1	0
470	8	0	1	0
470	9	0	1	0
470	10	0	1	0
470	11	0	1	0
470	12	0	1	0
470	13	0	1	0
470	14	0	1	0
470	15	0	1	0
470	16	0	1	0
470	17	0	1	0
470	18	0	1	0
470	19	0	1	0
470	20	0	1	0
470	21	0	1	0
470	22	0	1	0
470	23	0	1	0
470	24	0	1	0
470	25	0	1	0
470	26	0	1	0
470	27	0	1	0
470	28	0	1	0
470	29	0	1	0
470	30	0	1	0
470	31	0	1	0
470	32	0	1	0
470	33	0	1	0
470	34	0	1	0
470	35	0	1	0
470	36	0	1	0
470	37	0	1	0
470	38	0	1	0
470	39	0	1	0
470	40	0	1	0
470	41	0	1	0
470	42	0	1	0
470	43	0	1	0
470	44	0	1	0
470	45	0	1	0
470	46	0	1	0
470	47	0	1	0
470	48	0	1	0
470	49	0	1	0
470	50	0	1	0

475	1	0	1	0
475	2	0	1	0
475	3	0	1	0
475	4	0	1	0
475	5	0	1	0
475	6	0	1	0
475	7	0	1	0
475	8	0	1	0
475	9	0	1	0
475	10	0	1	0
475	11	0	1	0
475	12	0	1	0
475	13	0	1	0
475	14	0	1	0
475	15	0	1	0
475	16	0	1	0
475	17	0	1	0
475	18	0	1	0
475	19	0	1	0
475	20	0	1	0
475	21	0	1	0
475	22	0	1	0
475	23	0	1	0
475	24	0	1	0
475	25	0	1	0
475	26	0	1	0
475	27	0	1	0
475	28	0	1	0
475	29	0	1	0
475	30	0	1	0
475	31	0	1	0
475	32	0	1	0
475	33	0	1	0
475	34	0	1	0
475	35	0	1	0
475	36	0	1	0
475	37	0	1	0
475	38	0	1	0
475	39	0	1	0
475	40	0	1	0
475	41	0	1	0
475	42	0	1	0
475	43	0	1	0
475	44	0	1	0
475	45	0	1	0
475	46	0	1	0
475	47	0	1	0
475	48	0	1	0
475	49	0	1	0
475	50	0	1	0

480	1	0	1	0
480	2	0	1	0
480	3	0	1	0
480	4	0	1	0
480	5	0	1	0
480	6	0	1	0
480	7	0	1	0
480	8	0	1	0
480	9	0	1	0
480	10	0	1	0
480	11	0	1	0
480	12	0	1	0
480	13	0	1	0
480	14	0	1	0
480	15	0	1	0
480	16	0	1	0
480	17	0	1	0
480	18	0	1	0
480	19	0	1	0
480	20	0	1	0
480	21	0	1	0
480	22	0	1	0
480	23	0	1	0
480	24	0	1	0
480	25	0	1	0
480	26	0	1	0
480	27	0	1	0
480	28	0	1	0
480	29	0	1	0
480	30	0	1	0
480	31	0	1	0
480	32	0	1	0
480	33	0	1	0
480	34	0	1	0
480	35	0	1	0
480	36	0	1	0
480	37	0	1	0
480	38	0	1	0
480	39	0	1	0
480	40	0	1	0
480	41	0	1	0
480	42	0	1	0
480	43	0	1	0
480	44	0	1	0
480	45	0	1	0
480	46	0	1	0
480	47	0	1	0
480	48	0	1	0
480	49	0	1	0
480	50	0	1	0

485	1	0	1	0
485	2	0	1	0
485	3	0	1	0
485	4	0	1	0
485	5	0	1	0
485	6	0	1	0
485	7	0	1	0
485	8	0	1	0
485	9	0	1	0
485	10	0	1	0
485	11	0	1	0
485	12	0	1	0
485	13	0	1	0
485	14	0	1	0
485	15	0	1	0
485	16	0	1	0
485	17	0	1	0
485	18	0	1	0
485	19	0	1	0
485	20	0	1	0
485	21	0	1	0
485	22	0	1	0
485	23	0	1	0
485	24	0	1	0
485	25	0	1	0
485	26	0	1	0
485	27	0	1	0
485	28	0	1	0
485	29	0	1	0
485	30	0	1	0
485	31	0	1	0
485	32	0	1	0
485	33	0	1	0
485	34	0	1	0
485	35	0	1	0
485	36	0	1	0
485	37	0	1	0
485	38	0	1	0
485	39	0	1	0
485	40	0	1	0
485	41	0	1	0
485	42	0	1	0
485	43	0	1	0
485	44	0	1	0
485	45	0	1	0
485	46	0	1	0
485	47	0	1	0
485	48	0	1	0
485	49	0	1	0
485	50	0	1	0

490	1	0	1	0
490	2	0	1	0
490	3	0	1	0
490	4	0	1	0
490	5	0	1	0
490	6	0	1	0
490	7	0	1	0
490	8	0	1	0
490	9	0	1	0
490	10	0	1	0
490	11	0	1	0
490	12	0	1	0
490	13	0	1	0
490	14	0	1	0
490	15	0	1	0
490	16	0	1	0
490	17	0	1	0
490	18	0	1	0
490	19	0	1	0
490	20	0	1	0
490	21	0	1	0
490	22	0	1	0
490	23	0	1	0
490	24	0	1	0
490	25	0	1	0
490	26	0	1	0
490	27	0	1	0
490	28	0	1	0
490	29	0	1	0
490	30	0	1	0
490	31	0	1	0
490	32	0	1	0
490	33	0	1	0
490	34	0	1	0
490	35	0	1	0
490	36	0	1	0
490	37	0	1	0
490	38	0	1	0
490	39	0	1	0
490	40	0	1	0
490	41	0	1	0
490	42	0	1	0
490	43	0	1	0
490	44	0	1	0
490	45	0	1	0
490	46	0	1	0
490	47	0	1	0
490	48	0	1	0
490	49	0	1	0
490	50	0	1	0

495	1	0	1	0
495	2	0	1	0
495	3	0	1	0
495	4	0	1	0
495	5	0	1	0
495	6	0	1	0
495	7	0	1	0
495	8	0	1	0
495	9	0	1	0
495	10	0	1	0
495	11	0	1	0
495	12	0	1	0
495	13	0	1	0
495	14	0	1	0
495	15	0	1	0
495	16	0	1	0
495	17	0	1	0
495	18	0	1	0
495	19	0	1	0
495	20	0	1	0
495	21	0	1	0
495	22	0	1	0
495	23	0	1	0
495	24	0	1	0
495	25	0	1	0
495	26	0	1	0
495	27	0	1	0
495	28	0	1	0
495	29	0	1	0
495	30	0	1	0
495	31	0	1	0
495	32	0	1	0
495	33	0	1	0
495	34	0	1	0
495	35	0	1	0
495	36	0	1	0
495	37	0	1	0
495	38	0	1	0
495	39	0	1	0
495	40	0	1	0
495	41	0	1	0
495	42	0	1	0
495	43	0	1	0
495	44	0	1	0
495	45	0	1	0
495	46	0	1	0
495	47	0	1	0
495	48	0	1	0
495	49	0	1	0
495	50	0	1	0

500	1	0	1	0
500	2	0	1	0
500	3	0	1	0
500	4	0	1	0
500	5	0	1	0
500	6	0	1	0
500	7	0	1	0
500	8	0	1	0
500	9	0	1	0
500	10	0	1	0
500	11	0	1	0
500	12	0	1	0
500	13	0	1	0
500	14	0	1	0
500	15	0	1	0
500	16	0	1	0
500	17	0	1	0
500	18	0	1	0
500	19	0	1	0
500	20	0	1	0
500	21	0	1	0
500	22	0	1	0
500	23	0	1	0
500	24	0	1	0
500	25	0	1	0
500	26	0	1	0
500	27	0	1	0
500	28	0	1	0
500	29	0	1	0
500	30	0	1	0
500	31	0	1	0
500	32	0	1	0
500	33	0	1	0
500	34	0	1	0
500	35	0	1	0
500	36	0	1	0
500	37	0	1	0
500	38	0	1	0
500	39	0	1	0
500	40	0	1	0
500	41	0	1	0
500	42	0	1	0
500	43	0	1	0
500	44	0	1	0
500	45	0	1	0
500	46	0	1	0
500	47	0	1	0
500	48	0	1	0
500	49	0	1	0
500	50	0	1	0

