"time"	"cell.id"	"celltype.epithelial.size"	"phase"	"local_density"	"time"
0	1	30	0	1	0
0	2	30	0	1	0
0	3	30	0	1	0
0	4	30	0	1	0
0	5	30	0	1	0
0	6	30	0	1	0
0	7	30	0	1	0
0	8	30	0	1	0
0	9	30	0	1	0
0	10	30	0	1	0
0	11	30	0	1	0
0	12	30	0	1	0
0	13	30	0	1	0
0	14	30	0	1	0
0	15	30	0	1	0
0	16	30	0	1	0
0	17	30	0	1	0
0	18	30	0	1	0
0	19	30	0	1	0
0	20	30	0	1	0
0	21	30	0	1	0
0	22	30	0	1	0
0	23	30	0	1	0
0	24	30	0	1	0
0	25	30	0	1	0
0	26	30	0	1	0
0	27	30	0	1	0
0	28	30	0	1	0
0	29	30	0	1	0
0	30	30	0	1	0

50	1	30	0	1	50
50	2	30	0	1	50
50	3	30	0	1	50
50	4	30	0	1	50
50	5	30	0	1	50
50	6	30	0	1	50
50	7	30	0	1	50
50	8	30	0	1	50
50	9	30	0	1	50
50	10	30	0	1	50
50	11	30	0	1	50
50	12	30	0	1	50
50	13	30	0	1	50
50	14	30	0	1	50
50	15	30	0	1	50
50	16	30	0	1	50
50	17	30	0	1	50
50	18	30	0	1	50
50	19	30	0	1	50
50	20	30	0	1	50
50	21	30	0	1	50
50	22	30	0	1	50
50	23	30	0	1	50
50	24	30	0	1	50
50	25	30	0	1	50
50	26	30	0	1	50
50	27	30	0	1	50
50	28	30	0	1	50
50	29	30	0	1	50
50	30	30	0	1	50

100	1	30	0	1	100
100	2	30	0	1	100
100	3	30	0	1	100
100	4	30	0	1	100
100	5	30	0	1	100
100	6	30	0	1	100
100	7	30	0	1	100
100	8	30	0	1	100
100	9	30	0	1	100
100	10	30	0	1	100
100	11	30	0	1	100
100	12	30	0	1	100
100	13	30	0	1	100
100	14	30	0	1	100
100	15	30	0	1	100
100	16	30	0	1	100
100	17	30	0	1	100
100	18	30	0	1	100
100	19	30	0	1	100
100	20	30	0	1	100
100	21	30	0	1	100
100	22	30	0	1	100
100	23	30	0	1	100
100	24	30	0	1	100
100	25	30	0	1	100
100	26	30	0	1	100
100	27	30	0	1	100
100	28	30	0	1	100
100	29	30	0	1	100
100	30	30	0	1	100

150	1	30	0	1	150
150	2	30	0	1	150
150	3	30	0	1	150
150	4	30	0	1	150
150	5	30	0	1	150
150	6	30	0	1	150
150	7	30	0	1	150
150	8	30	0	1	150
150	9	30	0	1	150
150	10	30	0	1	150
150	11	30	0	1	150
150	12	30	0	1	150
150	13	30	0	1	150
150	14	30	0	1	150
150	15	30	0	1	150
150	16	30	0	1	150
150	17	30	0	1	150
150	18	30	0	1	150
150	19	30	0	1	150
150	20	30	0	1	150
150	21	30	0	1	150
150	22	30	0	1	150
150	23	30	0	1	150
150	24	30	0	1	150
150	25	30	0	1	150
150	26	30	0	1	150
150	27	30	0	1	150
150	28	30	0	1	150
150	29	30	0	1	150
150	30	30	0	1	150

200	1	30	0	1	200
200	2	30	0	1	200
200	3	30	0	1	200
200	4	30	0	1	200
200	5	30	0	1	200
200	6	30	0	1	200
200	7	30	0	1	200
200	8	30	0	1	200
200	9	30	0	1	200
200	10	30	0	1	200
200	11	30	0	1	200
200	12	30	0	1	200
200	13	30	0	1	200
200	14	30	0	1	200
200	15	30	0	1	200
200	16	30	0	1	200
200	17	30	0	1	200
200	18	30	0	1	200
200	19	30	0	1	200
200	20	30	0	1	200
200	21	30	0	1	200
200	22	30	0	1	200
200	23	30	0	1	200
200	24	30	0	1	200
200	25	30	0	1	200
200	26	30	0	1	200
200	27	30	0	1	200
200	28	30	0	1	200
200	29	30	0	1	200
200	30	30	0	1	200

250	1	30	0	1	250
250	2	30	0	1	250
250	3	30	0	1	250
250	4	30	0	1	250
250	5	30	0	1	250
250	6	30	0	1	250
250	7	30	0	1	250
250	8	30	0	1	250
250	9	30	0	1	250
250	10	30	0	1	250
250	11	30	0	1	250
250	12	30	0	1	250
250	13	30	0	1	250
250	14	30	0	1	250
250	15	30	0	1	250
250	16	30	0	1	250
250	17	30	0	1	250
250	18	30	0	1	250
250	19	30	0	1	250
250	20	30	0	1	250
250	21	30	0	1	250
250	22	30	0	1	250
250	23	30	0	1	250
250	24	30	0	1	250
250	25	30	0	1	250
250	26	30	0	1	250
250	27	30	0	1	250
250	28	30	0	1	250
250	29	30	0	1	250
250	30	30	0	1	250

300	1	29	0	1	300
300	2	29	0	1	300
300	3	29	0	1	300
300	4	29	0	1	300
300	5	29	0	1	300
300	6	29	0	1	300
300	7	29	0	1	300
300	8	29	0	1	300
300	9	29	0	1	300
300	10	29	0	1	300
300	11	29	0	1	300
300	12	29	0	1	300
300	14	29	0	1	300
300	15	29	0	1	300
300	16	29	0	1	300
300	17	29	0	1	300
300	18	29	0	1	300
300	19	29	0	1	300
300	20	29	0	1	300
300	21	29	0	1	300
300	22	29	0	1	300
300	23	29	0	1	300
300	24	29	0	1	300
300	25	29	0	1	300
300	26	29	0	1	300
300	27	29	0	1	300
300	28	29	0	1	300
300	29	29	0	1	300
300	30	29	0	1	300

350	1	29	0	1	350
350	2	29	0	1	350
350	3	29	0	1	350
350	4	29	0	1	350
350	5	29	0	1	350
350	6	29	0	1	350
350	7	29	0	1	350
350	8	29	0	1	350
350	9	29	0	1	350
350	10	29	0	1	350
350	11	29	0	1	350
350	12	29	0	1	350
350	14	29	0	1	350
350	15	29	0	1	350
350	16	29	0	1	350
350	17	29	0	1	350
350	18	29	0	1	350
350	19	29	0	1	350
350	20	29	0	1	350
350	21	29	0	1	350
350	22	29	0	1	350
350	23	29	0	1	350
350	24	29	0	1	350
350	25	29	0	1	350
350	26	29	0	1	350
350	27	29	0	1	350
350	28	29	0	1	350
350	29	29	0	1	350
350	30	29	0	1	350

400	1	29	0	1	400
400	2	29	0	1	400
400	3	29	0	1	400
400	4	29	0	1	400
400	5	29	0	1	400
400	6	29	0	1	400
400	7	29	0	1	400
400	8	29	0	1	400
400	9	29	0	1	400
400	10	29	0	1	400
400	11	29	0	1	400
400	12	29	0	1	400
400	14	29	0	1	400
400	15	29	0	1	400
400	16	29	0	1	400
400	17	29	0	1	400
400	18	29	0	1	400
400	19	29	0	1	400
400	20	29	0	1	400
400	21	29	0	1	400
400	22	29	0	1	400
400	23	29	0	1	400
400	24	29	0	1	400
400	25	29	0	1	400
400	26	29	0	1	400
400	27	29	0	1	400
400	28	29	0	1	400
400	29	29	0	1	400
400	30	29	0	1	400

450	1	28	0	1	450
450	2	28	0	1	450
450	3	28	0	1	450
450	4	28	0	1	450
450	5	28	0	1	450
450	6	28	0	1	450
450	7	28	0	1	450
450	8	28	0	1	450
450	9	28	0	1	450
450	10	28	0	1	450
450	11	28	0	1	450
450	12	28	0	1	450
450	14	28	0	1	450
450	15	28	0	1	450
450	16	28	0	1	450
450	17	28	0	1	450
450	18	28	0	1	450
450	19	28	0	1	450
450	20	28	0	1	450
450	22	28	0	1	450
450	23	28	0	1	450
450	24	28	0	1	450
450	25	28	0	1	450
450	26	28	0	1	450
450	27	28	0	1	450
450	28	28	0	1	450
450	29	28	0	1	450
450	30	28	0	1	450

500	1	28	0	1	500
500	2	28	0	1	500
500	3	28	0	1	500
500	4	28	0	1	500
500	5	28	0	1	500
500	6	28	0	1	500
500	7	28	0	1	500
500	8	28	0	1	500
500	9	28	0	1	500
500	10	28	0	1	500
500	11	28	0	1	500
500	12	28	0	1	500
500	14	28	0	1	500
500	15	28	0	1	500
500	16	28	0	1	500
500	17	28	0	1	500
500	18	28	0	1	500
500	19	28	0	1	500
500	20	28	0	1	500
500	22	28	0	1	500
500	23	28	0	1	500
500	24	28	0	1	500
500	25	28	0	1	500
500	26	28	0	1	500
500	27	28	0	1	500
500	28	28	0	1	500
500	29	28	0	1	500
500	30	28	0	1	500

550	1	28	0	1	550
550	2	28	0	1	550
550	3	28	0	1	550
550	4	28	0	1	550
550	5	28	0	1	550
550	6	28	0	1	550
550	7	28	0	1	550
550	8	28	0	1	550
550	9	28	0	1	550
550	10	28	0	1	550
550	11	28	0	1	550
550	12	28	0	1	550
550	14	28	0	1	550
550	15	28	0	1	550
550	16	28	0	1	550
550	17	28	0	1	550
550	18	28	0	1	550
550	19	28	0	1	550
550	20	28	0	1	550
550	22	28	0	1	550
550	23	28	0	1	550
550	24	28	0	1	550
550	25	28	0	1	550
550	26	28	0	1	550
550	27	28	0	1	550
550	28	28	0	1	550
550	29	28	0	1	550
550	30	28	0	1	550

600	1	28	0	1	600
600	2	28	0	1	600
600	3	28	0	1	600
600	4	28	0	1	600
600	5	28	0	1	600
600	6	28	0	1	600
600	7	28	0	1	600
600	8	28	0	1	600
600	9	28	0	1	600
600	10	28	0	1	600
600	11	28	0	1	600
600	12	28	0	1	600
600	14	28	0	1	600
600	15	28	0	1	600
600	16	28	0	1	600
600	17	28	0	1	600
600	18	28	0	1	600
600	19	28	0	1	600
600	20	28	0	1	600
600	22	28	0	1	600
600	23	28	0	1	600
600	24	28	0	1	600
600	25	28	0	1	600
600	26	28	0	1	600
600	27	28	0	1	600
600	28	28	0	1	600
600	29	28	0	1	600
600	30	28	0	1	600

650	1	27	0	1	650
650	2	27	0	1	650
650	3	27	0	1	650
650	4	27	0	1	650
650	5	27	0	1	650
650	6	27	0	1	650
650	7	27	0	1	650
650	8	27	0	1	650
650	9	27	0	1	650
650	10	27	0	1	650
650	11	27	0	1	650
650	12	27	0	1	650
650	14	27	0	1	650
650	15	27	0	1	650
650	16	27	0	1	650
650	17	27	0	1	650
650	18	27	0	1	650
650	19	27	0	1	650
650	20	27	0	1	650
650	22	27	0	1	650
650	24	27	0	1	650
650	25	27	0	1	650
650	26	27	0	1	650
650	27	27	0	1	650
650	28	27	0	1	650
650	29	27	0	1	650
650	30	27	0	1	650

700	1	27	0	1	700
700	2	27	0	1	700
700	3	27	0	1	700
700	4	27	0	1	700
700	5	27	0	1	700
700	6	27	0	1	700
700	7	27	0	1	700
700	8	27	0	1	700
700	9	27	0	1	700
700	10	27	0	1	700
700	11	27	0	1	700
700	12	27	0	1	700
700	14	27	0	1	700
700	15	27	0	1	700
700	16	27	0	1	700
700	17	27	0	1	700
700	18	27	0	1	700
700	19	27	0	1	700
700	20	27	0	1	700
700	22	27	0	1	700
700	24	27	0	1	700
700	25	27	0	1	700
700	26	27	0	1	700
700	27	27	0	1	700
700	28	27	0	1	700
700	29	27	0	1	700
700	30	27	0	1	700

750	1	27	0	1	750
750	2	27	0	1	750
750	3	27	0	1	750
750	4	27	0	1	750
750	5	27	0	1	750
750	6	27	0	1	750
750	7	27	0	1	750
750	8	27	0	1	750
750	9	27	0	1	750
750	10	27	0	1	750
750	11	27	0	1	750
750	12	27	0	1	750
750	14	27	0	1	750
750	15	27	0	1	750
750	16	27	0	1	750
750	17	27	0	1	750
750	18	27	0	1	750
750	19	27	0	1	750
750	20	27	0	1	750
750	22	27	0	1	750
750	24	27	0	1	750
750	25	27	0	1	750
750	26	27	0	1	750
750	27	27	0	1	750
750	28	27	0	1	750
750	29	27	0	1	750
750	30	27	0	1	750

800	1	27	0	1	800
800	2	27	0	1	800
800	3	27	0	1	800
800	4	27	0	1	800
800	5	27	0	1	800
800	6	27	0	1	800
800	7	27	0	1	800
800	8	27	0	1	800
800	9	27	0	1	800
800	10	27	0	1	800
800	11	27	0	1	800
800	12	27	0	1	800
800	14	27	0	1	800
800	15	27	0	1	800
800	16	27	0	1	800
800	17	27	0	1	800
800	18	27	0	1	800
800	19	27	0	1	800
800	20	27	0	1	800
800	22	27	0	1	800
800	24	27	0	1	800
800	25	27	0	1	800
800	26	27	0	1	800
800	27	27	0	1	800
800	28	27	0	1	800
800	29	27	0	1	800
800	30	27	0	1	800

850	1	27	0	1	850
850	2	27	0	1	850
850	3	27	0	1	850
850	4	27	0	1	850
850	5	27	0	1	850
850	6	27	0	1	850
850	7	27	0	1	850
850	8	27	0	1	850
850	9	27	0	1	850
850	10	27	0	1	850
850	11	27	0	1	850
850	12	27	0	1	850
850	14	27	0	1	850
850	15	27	0	1	850
850	16	27	0	1	850
850	17	27	0	1	850
850	18	27	0	1	850
850	19	27	0	1	850
850	20	27	0	1	850
850	22	27	0	1	850
850	24	27	0	1	850
850	25	27	0	1	850
850	26	27	0	1	850
850	27	27	0	1	850
850	28	27	0	1	850
850	29	27	0	1	850
850	30	27	0	1	850

900	1	27	0	1	900
900	2	27	0	1	900
900	3	27	0	1	900
900	4	27	0	1	900
900	5	27	0	1	900
900	6	27	0	1	900
900	7	27	0	1	900
900	8	27	0	1	900
900	9	27	0	1	900
900	10	27	0	1	900
900	11	27	0	1	900
900	12	27	0	1	900
900	14	27	0	1	900
900	15	27	0	1	900
900	16	27	0	1	900
900	17	27	0	1	900
900	18	27	0	1	900
900	19	27	0	1	900
900	20	27	0	1	900
900	22	27	0	1	900
900	24	27	0	1	900
900	25	27	0	1	900
900	26	27	0	1	900
900	27	27	0	1	900
900	28	27	0	1	900
900	29	27	0	1	900
900	30	27	0	1	900

950	1	27	0	1	950
950	2	27	0	1	950
950	3	27	0	1	950
950	4	27	0	1	950
950	5	27	0	1	950
950	6	27	0	1	950
950	7	27	0	1	950
950	8	27	0	1	950
950	9	27	0	1	950
950	10	27	0	1	950
950	11	27	0	1	950
950	12	27	0	1	950
950	14	27	0	1	950
950	15	27	0	1	950
950	16	27	0	1	950
950	17	27	0	1	950
950	18	27	0	1	950
950	19	27	0	1	950
950	20	27	0	1	950
950	22	27	0	1	950
950	24	27	0	1	950
950	25	27	0	1	950
950	26	27	0	1	950
950	27	27	0	1	950
950	28	27	0	1	950
950	29	27	0	1	950
950	30	27	0	1	950

1000	1	27	0	1	1000
1000	2	27	0	1	1000
1000	3	27	0	1	1000
1000	4	27	0	1	1000
1000	5	27	0	1	1000
1000	6	27	0	1	1000
1000	7	27	0	1	1000
1000	8	27	0	1	1000
1000	9	27	0	1	1000
1000	10	27	0	1	1000
1000	11	27	0	1	1000
1000	12	27	0	1	1000
1000	14	27	0	1	1000
1000	15	27	0	1	1000
1000	16	27	0	1	1000
1000	17	27	0	1	1000
1000	18	27	0	1	1000
1000	19	27	0	1	1000
1000	20	27	0	1	1000
1000	22	27	0	1	1000
1000	24	27	0	1	1000
1000	25	27	0	1	1000
1000	26	27	0	1	1000
1000	27	27	0	1	1000
1000	28	27	0	1	1000
1000	29	27	0	1	1000
1000	30	27	0	1	1000

1050	1	26	0	1	1050
1050	2	26	0	1	1050
1050	3	26	0	1	1050
1050	5	26	0	1	1050
1050	6	26	0	1	1050
1050	7	26	0	1	1050
1050	8	26	0	1	1050
1050	9	26	0	1	1050
1050	10	26	0	1	1050
1050	11	26	0	1	1050
1050	12	26	0	1	1050
1050	14	26	0	1	1050
1050	15	26	0	1	1050
1050	16	26	0	1	1050
1050	17	26	0	1	1050
1050	18	26	0	1	1050
1050	19	26	0	1	1050
1050	20	26	0	1	1050
1050	22	26	0	1	1050
1050	24	26	0	1	1050
1050	25	26	0	1	1050
1050	26	26	0	1	1050
1050	27	26	0	1	1050
1050	28	26	0	1	1050
1050	29	26	0	1	1050
1050	30	26	0	1	1050

1100	1	26	0	1	1100
1100	2	26	0	1	1100
1100	3	26	0	1	1100
1100	5	26	0	1	1100
1100	6	26	0	1	1100
1100	7	26	0	1	1100
1100	8	26	0	1	1100
1100	9	26	0	1	1100
1100	10	26	0	1	1100
1100	11	26	0	1	1100
1100	12	26	0	1	1100
1100	14	26	0	1	1100
1100	15	26	0	1	1100
1100	16	26	0	1	1100
1100	17	26	0	1	1100
1100	18	26	0	1	1100
1100	19	26	0	1	1100
1100	20	26	0	1	1100
1100	22	26	0	1	1100
1100	24	26	0	1	1100
1100	25	26	0	1	1100
1100	26	26	0	1	1100
1100	27	26	0	1	1100
1100	28	26	0	1	1100
1100	29	26	0	1	1100
1100	30	26	0	1	1100

1150	1	26	0	1	1150
1150	2	26	0	1	1150
1150	3	26	0	1	1150
1150	5	26	0	1	1150
1150	6	26	0	1	1150
1150	7	26	0	1	1150
1150	8	26	0	1	1150
1150	9	26	0	1	1150
1150	10	26	0	1	1150
1150	11	26	0	1	1150
1150	12	26	0	1	1150
1150	14	26	0	1	1150
1150	15	26	0	1	1150
1150	16	26	0	1	1150
1150	17	26	0	1	1150
1150	18	26	0	1	1150
1150	19	26	0	1	1150
1150	20	26	0	1	1150
1150	22	26	0	1	1150
1150	24	26	0	1	1150
1150	25	26	0	1	1150
1150	26	26	0	1	1150
1150	27	26	0	1	1150
1150	28	26	0	1	1150
1150	29	26	0	1	1150
1150	30	26	0	1	1150

1200	1	26	0	1	1200
1200	2	26	0	1	1200
1200	3	26	0	1	1200
1200	5	26	0	1	1200
1200	6	26	0	1	1200
1200	7	26	0	1	1200
1200	8	26	0	1	1200
1200	9	26	0	1	1200
1200	10	26	0	1	1200
1200	11	26	0	1	1200
1200	12	26	0	1	1200
1200	14	26	0	1	1200
1200	15	26	0	1	1200
1200	16	26	0	1	1200
1200	17	26	0	1	1200
1200	18	26	0	1	1200
1200	19	26	0	1	1200
1200	20	26	0	1	1200
1200	22	26	0	1	1200
1200	24	26	0	1	1200
1200	25	26	0	1	1200
1200	26	26	0	1	1200
1200	27	26	0	1	1200
1200	28	26	0	1	1200
1200	29	26	0	1	1200
1200	30	26	0	1	1200

1250	1	26	0	1	1250
1250	2	26	0	1	1250
1250	3	26	0	1	1250
1250	5	26	0	1	1250
1250	6	26	0	1	1250
1250	7	26	0	1	1250
1250	8	26	0	1	1250
1250	9	26	0	1	1250
1250	10	26	0	1	1250
1250	11	26	0	1	1250
1250	12	26	0	1	1250
1250	14	26	0	1	1250
1250	15	26	0	1	1250
1250	16	26	0	1	1250
1250	17	26	0	1	1250
1250	18	26	0	1	1250
1250	19	26	0	1	1250
1250	20	26	0	1	1250
1250	22	26	0	1	1250
1250	24	26	0	1	1250
1250	25	26	0	1	1250
1250	26	26	0	1	1250
1250	27	26	0	1	1250
1250	28	26	0	1	1250
1250	29	26	0	1	1250
1250	30	26	0	1	1250

1300	1	26	0	1	1300
1300	2	26	0	1	1300
1300	3	26	0	1	1300
1300	5	26	0	1	1300
1300	6	26	0	1	1300
1300	7	26	0	1	1300
1300	8	26	0	1	1300
1300	9	26	0	1	1300
1300	10	26	0	1	1300
1300	11	26	0	1	1300
1300	12	26	0	1	1300
1300	14	26	0	1	1300
1300	15	26	0	1	1300
1300	16	26	0	1	1300
1300	17	26	0	1	1300
1300	18	26	0	1	1300
1300	19	26	0	1	1300
1300	20	26	0	1	1300
1300	22	26	0	1	1300
1300	24	26	0	1	1300
1300	25	26	0	1	1300
1300	26	26	0	1	1300
1300	27	26	0	1	1300
1300	28	26	0	1	1300
1300	29	26	0	1	1300
1300	30	26	0	1	1300

1350	1	26	0	1	1350
1350	2	26	0	1	1350
1350	3	26	0	1	1350
1350	5	26	0	1	1350
1350	6	26	0	1	1350
1350	7	26	0	1	1350
1350	8	26	0	1	1350
1350	9	26	0	1	1350
1350	10	26	0	1	1350
1350	11	26	0	1	1350
1350	12	26	0	1	1350
1350	14	26	0	1	1350
1350	15	26	0	1	1350
1350	16	26	0	1	1350
1350	17	26	0	1	1350
1350	18	26	0	1	1350
1350	19	26	0	1	1350
1350	20	26	0	1	1350
1350	22	26	0	1	1350
1350	24	26	0	1	1350
1350	25	26	0	1	1350
1350	26	26	0	1	1350
1350	27	26	0	1	1350
1350	28	26	0	1	1350
1350	29	26	0	1	1350
1350	30	26	0	1	1350

1400	1	26	0	1	1400
1400	2	26	0	1	1400
1400	3	26	0	1	1400
1400	5	26	0	1	1400
1400	6	26	0	1	1400
1400	7	26	0	1	1400
1400	8	26	0	1	1400
1400	9	26	0	1	1400
1400	10	26	0	1	1400
1400	11	26	0	1	1400
1400	12	26	0	1	1400
1400	14	26	0	1	1400
1400	15	26	0	1	1400
1400	16	26	0	1	1400
1400	17	26	0	1	1400
1400	18	26	0	1	1400
1400	19	26	0	1	1400
1400	20	26	0	1	1400
1400	22	26	0	1	1400
1400	24	26	0	1	1400
1400	25	26	0	1	1400
1400	26	26	0	1	1400
1400	27	26	0	1	1400
1400	28	26	0	1	1400
1400	29	26	0	1	1400
1400	30	26	0	1	1400

1450	1	26	0	1	1450
1450	2	26	0	1	1450
1450	3	26	0	1	1450
1450	5	26	0	1	1450
1450	6	26	0	1	1450
1450	7	26	0	1	1450
1450	8	26	0	1	1450
1450	9	26	0	1	1450
1450	10	26	0	1	1450
1450	11	26	0	1	1450
1450	12	26	0	1	1450
1450	14	26	0	1	1450
1450	15	26	0	1	1450
1450	16	26	0	1	1450
1450	17	26	0	1	1450
1450	18	26	0	1	1450
1450	19	26	0	1	1450
1450	20	26	0	1	1450
1450	22	26	0	1	1450
1450	24	26	0	1	1450
1450	25	26	0	1	1450
1450	26	26	0	1	1450
1450	27	26	0	1	1450
1450	28	26	0	1	1450
1450	29	26	0	1	1450
1450	30	26	0	1	1450

1500	1	26	0	1	1500
1500	2	26	0	1	1500
1500	3	26	0	1	1500
1500	5	26	0	1	1500
1500	6	26	0	1	1500
1500	7	26	0	1	1500
1500	8	26	0	1	1500
1500	9	26	0	1	1500
1500	10	26	0	1	1500
1500	11	26	0	1	1500
1500	12	26	0	1	1500
1500	14	26	0	1	1500
1500	15	26	0	1	1500
1500	16	26	0	1	1500
1500	17	26	0	1	1500
1500	18	26	0	1	1500
1500	19	26	0	1	1500
1500	20	26	0	1	1500
1500	22	26	0	1	1500
1500	24	26	0	1	1500
1500	25	26	0	1	1500
1500	26	26	0	1	1500
1500	27	26	0	1	1500
1500	28	26	0	1	1500
1500	29	26	0	1	1500
1500	30	26	0	1	1500

1550	1	26	0	1	1550
1550	2	26	0	1	1550
1550	3	26	0	1	1550
1550	5	26	0	1	1550
1550	6	26	0	1	1550
1550	7	26	0	1	1550
1550	8	26	0	1	1550
1550	9	26	0	1	1550
1550	10	26	0	1	1550
1550	11	26	0	1	1550
1550	12	26	0	1	1550
1550	14	26	0	1	1550
1550	15	26	0	1	1550
1550	16	26	0	1	1550
1550	17	26	0	1	1550
1550	18	26	0	1	1550
1550	19	26	0	1	1550
1550	20	26	0	1	1550
1550	22	26	0	1	1550
1550	24	26	0	1	1550
1550	25	26	0	1	1550
1550	26	26	0	1	1550
1550	27	26	0	1	1550
1550	28	26	0	1	1550
1550	29	26	0	1	1550
1550	30	26	0	1	1550

1600	1	26	0	1	1600
1600	2	26	0	1	1600
1600	3	26	0	1	1600
1600	5	26	0	1	1600
1600	6	26	0	1	1600
1600	7	26	0	1	1600
1600	8	26	0	1	1600
1600	9	26	0	1	1600
1600	10	26	0	1	1600
1600	11	26	0	1	1600
1600	12	26	0	1	1600
1600	14	26	0	1	1600
1600	15	26	0	1	1600
1600	16	26	0	1	1600
1600	17	26	0	1	1600
1600	18	26	0	1	1600
1600	19	26	0	1	1600
1600	20	26	0	1	1600
1600	22	26	0	1	1600
1600	24	26	0	1	1600
1600	25	26	0	1	1600
1600	26	26	0	1	1600
1600	27	26	0	1	1600
1600	28	26	0	1	1600
1600	29	26	0	1	1600
1600	30	26	0	1	1600

1650	1	26	0	1	1650
1650	2	26	0	1	1650
1650	3	26	0	1	1650
1650	5	26	0	1	1650
1650	6	26	0	1	1650
1650	7	26	0	1	1650
1650	8	26	0	1	1650
1650	9	26	0	1	1650
1650	10	26	0	1	1650
1650	11	26	0	1	1650
1650	12	26	0	1	1650
1650	14	26	0	1	1650
1650	15	26	0	1	1650
1650	16	26	0	1	1650
1650	17	26	0	1	1650
1650	18	26	0	1	1650
1650	19	26	0	1	1650
1650	20	26	0	1	1650
1650	22	26	0	1	1650
1650	24	26	0	1	1650
1650	25	26	0	1	1650
1650	26	26	0	1	1650
1650	27	26	0	1	1650
1650	28	26	0	1	1650
1650	29	26	0	1	1650
1650	30	26	0	1	1650

1700	1	26	0	1	1700
1700	2	26	0	1	1700
1700	3	26	0	1	1700
1700	5	26	0	1	1700
1700	6	26	0	1	1700
1700	7	26	0	1	1700
1700	8	26	0	1	1700
1700	9	26	0	1	1700
1700	10	26	0	1	1700
1700	11	26	0	1	1700
1700	12	26	0	1	1700
1700	14	26	0	1	1700
1700	15	26	0	1	1700
1700	16	26	0	1	1700
1700	17	26	0	1	1700
1700	18	26	0	1	1700
1700	19	26	0	1	1700
1700	20	26	0	1	1700
1700	22	26	0	1	1700
1700	24	26	0	1	1700
1700	25	26	0	1	1700
1700	26	26	0	1	1700
1700	27	26	0	1	1700
1700	28	26	0	1	1700
1700	29	26	0	1	1700
1700	30	26	0	1	1700

1750	1	26	0	1	1750
1750	2	26	0	1	1750
1750	3	26	0	1	1750
1750	5	26	0	1	1750
1750	6	26	0	1	1750
1750	7	26	0	1	1750
1750	8	26	0	1	1750
1750	9	26	0	1	1750
1750	10	26	0	1	1750
1750	11	26	0	1	1750
1750	12	26	0	1	1750
1750	14	26	0	1	1750
1750	15	26	0	1	1750
1750	16	26	0	1	1750
1750	17	26	0	1	1750
1750	18	26	0	1	1750
1750	19	26	0	1	1750
1750	20	26	0	1	1750
1750	22	26	0	1	1750
1750	24	26	0	1	1750
1750	25	26	0	1	1750
1750	26	26	0	1	1750
1750	27	26	0	1	1750
1750	28	26	0	1	1750
1750	29	26	0	1	1750
1750	30	26	0	1	1750

1800	1	26	0	1	1800
1800	2	26	0	1	1800
1800	3	26	0	1	1800
1800	5	26	0	1	1800
1800	6	26	0	1	1800
1800	7	26	0	1	1800
1800	8	26	0	1	1800
1800	9	26	0	1	1800
1800	10	26	0	1	1800
1800	11	26	0	1	1800
1800	12	26	0	1	1800
1800	14	26	0	1	1800
1800	15	26	0	1	1800
1800	16	26	0	1	1800
1800	17	26	0	1	1800
1800	18	26	0	1	1800
1800	19	26	0	1	1800
1800	20	26	0	1	1800
1800	22	26	0	1	1800
1800	24	26	0	1	1800
1800	25	26	0	1	1800
1800	26	26	0	1	1800
1800	27	26	0	1	1800
1800	28	26	0	1	1800
1800	29	26	0	1	1800
1800	30	26	0	1	1800

1850	2	25	0	1	1850
1850	3	25	0	1	1850
1850	5	25	0	1	1850
1850	6	25	0	1	1850
1850	7	25	0	1	1850
1850	8	25	0	1	1850
1850	9	25	0	1	1850
1850	10	25	0	1	1850
1850	11	25	0	1	1850
1850	12	25	0	1	1850
1850	14	25	0	1	1850
1850	15	25	0	1	1850
1850	16	25	0	1	1850
1850	17	25	0	1	1850
1850	18	25	0	1	1850
1850	19	25	0	1	1850
1850	20	25	0	1	1850
1850	22	25	0	1	1850
1850	24	25	0	1	1850
1850	25	25	0	1	1850
1850	26	25	0	1	1850
1850	27	25	0	1	1850
1850	28	25	0	1	1850
1850	29	25	0	1	1850
1850	30	25	0	1	1850

1900	2	24	0	1	1900
1900	3	24	0	1	1900
1900	5	24	0	1	1900
1900	6	24	0	1	1900
1900	7	24	0	1	1900
1900	8	24	0	1	1900
1900	9	24	0	1	1900
1900	10	24	0	1	1900
1900	11	24	0	1	1900
1900	12	24	0	1	1900
1900	14	24	0	1	1900
1900	15	24	0	1	1900
1900	16	24	0	1	1900
1900	17	24	0	1	1900
1900	18	24	0	1	1900
1900	19	24	0	1	1900
1900	20	24	0	1	1900
1900	22	24	0	1	1900
1900	24	24	0	1	1900
1900	25	24	0	1	1900
1900	26	24	0	1	1900
1900	27	24	0	1	1900
1900	29	24	0	1	1900
1900	30	24	0	1	1900

1950	2	24	0	1	1950
1950	3	24	0	1	1950
1950	5	24	0	1	1950
1950	6	24	0	1	1950
1950	7	24	0	1	1950
1950	8	24	0	1	1950
1950	9	24	0	1	1950
1950	10	24	0	1	1950
1950	11	24	0	1	1950
1950	12	24	0	1	1950
1950	14	24	0	1	1950
1950	15	24	0	1	1950
1950	16	24	0	1	1950
1950	17	24	0	1	1950
1950	18	24	0	1	1950
1950	19	24	0	1	1950
1950	20	24	0	1	1950
1950	22	24	0	1	1950
1950	24	24	0	1	1950
1950	25	24	0	1	1950
1950	26	24	0	1	1950
1950	27	24	0	1	1950
1950	29	24	0	1	1950
1950	30	24	0	1	1950

2000	2	24	0	1	2000
2000	3	24	0	1	2000
2000	5	24	0	1	2000
2000	6	24	0	1	2000
2000	7	24	0	1	2000
2000	8	24	0	1	2000
2000	9	24	0	1	2000
2000	10	24	0	1	2000
2000	11	24	0	1	2000
2000	12	24	0	1	2000
2000	14	24	0	1	2000
2000	15	24	0	1	2000
2000	16	24	0	1	2000
2000	17	24	0	1	2000
2000	18	24	0	1	2000
2000	19	24	0	1	2000
2000	20	24	0	1	2000
2000	22	24	0	1	2000
2000	24	24	0	1	2000
2000	25	24	0	1	2000
2000	26	24	0	1	2000
2000	27	24	0	1	2000
2000	29	24	0	1	2000
2000	30	24	0	1	2000

2050	2	24	0	1	2050
2050	3	24	0	1	2050
2050	5	24	0	1	2050
2050	6	24	0	1	2050
2050	7	24	0	1	2050
2050	8	24	0	1	2050
2050	9	24	0	1	2050
2050	10	24	0	1	2050
2050	11	24	0	1	2050
2050	12	24	0	1	2050
2050	14	24	0	1	2050
2050	15	24	0	1	2050
2050	16	24	0	1	2050
2050	17	24	0	1	2050
2050	18	24	0	1	2050
2050	19	24	0	1	2050
2050	20	24	0	1	2050
2050	22	24	0	1	2050
2050	24	24	0	1	2050
2050	25	24	0	1	2050
2050	26	24	0	1	2050
2050	27	24	0	1	2050
2050	29	24	0	1	2050
2050	30	24	0	1	2050

2100	2	24	0	1	2100
2100	3	24	0	1	2100
2100	5	24	0	1	2100
2100	6	24	0	1	2100
2100	7	24	0	1	2100
2100	8	24	0	1	2100
2100	9	24	0	1	2100
2100	10	24	0	1	2100
2100	11	24	0	1	2100
2100	12	24	0	1	2100
2100	14	24	0	1	2100
2100	15	24	0	1	2100
2100	16	24	0	1	2100
2100	17	24	0	1	2100
2100	18	24	0	1	2100
2100	19	24	0	1	2100
2100	20	24	0	1	2100
2100	22	24	0	1	2100
2100	24	24	0	1	2100
2100	25	24	0	1	2100
2100	26	24	0	1	2100
2100	27	24	0	1	2100
2100	29	24	0	1	2100
2100	30	24	0	1	2100

2150	2	24	0	1	2150
2150	3	24	0	1	2150
2150	5	24	0	1	2150
2150	6	24	0	1	2150
2150	7	24	0	1	2150
2150	8	24	0	1	2150
2150	9	24	0	1	2150
2150	10	24	0	1	2150
2150	11	24	0	1	2150
2150	12	24	0	1	2150
2150	14	24	0	1	2150
2150	15	24	0	1	2150
2150	16	24	0	1	2150
2150	17	24	0	1	2150
2150	18	24	0	1	2150
2150	19	24	0	1	2150
2150	20	24	0	1	2150
2150	22	24	0	1	2150
2150	24	24	0	1	2150
2150	25	24	0	1	2150
2150	26	24	0	1	2150
2150	27	24	0	1	2150
2150	29	24	0	1	2150
2150	30	24	0	1	2150

2200	2	23	0	1	2200
2200	3	23	0	1	2200
2200	5	23	0	1	2200
2200	6	23	0	1	2200
2200	7	23	0	1	2200
2200	8	23	0	1	2200
2200	9	23	0	1	2200
2200	10	23	0	1	2200
2200	11	23	0	1	2200
2200	12	23	0	1	2200
2200	14	23	0	1	2200
2200	15	23	0	1	2200
2200	17	23	0	1	2200
2200	18	23	0	1	2200
2200	19	23	0	1	2200
2200	20	23	0	1	2200
2200	22	23	0	1	2200
2200	24	23	0	1	2200
2200	25	23	0	1	2200
2200	26	23	0	1	2200
2200	27	23	0	1	2200
2200	29	23	0	1	2200
2200	30	23	0	1	2200

2250	2	23	0	1	2250
2250	3	23	0	1	2250
2250	5	23	0	1	2250
2250	6	23	0	1	2250
2250	7	23	0	1	2250
2250	8	23	0	1	2250
2250	9	23	0	1	2250
2250	10	23	0	1	2250
2250	11	23	0	1	2250
2250	12	23	0	1	2250
2250	14	23	0	1	2250
2250	15	23	0	1	2250
2250	17	23	0	1	2250
2250	18	23	0	1	2250
2250	19	23	0	1	2250
2250	20	23	0	1	2250
2250	22	23	0	1	2250
2250	24	23	0	1	2250
2250	25	23	0	1	2250
2250	26	23	0	1	2250
2250	27	23	0	1	2250
2250	29	23	0	1	2250
2250	30	23	0	1	2250

2300	2	23	0	1	2300
2300	3	23	0	1	2300
2300	5	23	0	1	2300
2300	6	23	0	1	2300
2300	7	23	0	1	2300
2300	8	23	0	1	2300
2300	9	23	0	1	2300
2300	10	23	0	1	2300
2300	11	23	0	1	2300
2300	12	23	0	1	2300
2300	14	23	0	1	2300
2300	15	23	0	1	2300
2300	17	23	0	1	2300
2300	18	23	0	1	2300
2300	19	23	0	1	2300
2300	20	23	0	1	2300
2300	22	23	0	1	2300
2300	24	23	0	1	2300
2300	25	23	0	1	2300
2300	26	23	0	1	2300
2300	27	23	0	1	2300
2300	29	23	0	1	2300
2300	30	23	0	1	2300

2350	2	23	0	1	2350
2350	3	23	0	1	2350
2350	5	23	0	1	2350
2350	6	23	0	1	2350
2350	7	23	0	1	2350
2350	8	23	0	1	2350
2350	9	23	0	1	2350
2350	10	23	0	1	2350
2350	11	23	0	1	2350
2350	12	23	0	1	2350
2350	14	23	0	1	2350
2350	15	23	0	1	2350
2350	17	23	0	1	2350
2350	18	23	0	1	2350
2350	19	23	0	1	2350
2350	20	23	0	1	2350
2350	22	23	0	1	2350
2350	24	23	0	1	2350
2350	25	23	0	1	2350
2350	26	23	0	1	2350
2350	27	23	0	1	2350
2350	29	23	0	1	2350
2350	30	23	0	1	2350

2400	2	23	0	1	2400
2400	3	23	0	1	2400
2400	5	23	0	1	2400
2400	6	23	0	1	2400
2400	7	23	0	1	2400
2400	8	23	0	1	2400
2400	9	23	0	1	2400
2400	10	23	0	1	2400
2400	11	23	0	1	2400
2400	12	23	0	1	2400
2400	14	23	0	1	2400
2400	15	23	0	1	2400
2400	17	23	0	1	2400
2400	18	23	0	1	2400
2400	19	23	0	1	2400
2400	20	23	0	1	2400
2400	22	23	0	1	2400
2400	24	23	0	1	2400
2400	25	23	0	1	2400
2400	26	23	0	1	2400
2400	27	23	0	1	2400
2400	29	23	0	1	2400
2400	30	23	0	1	2400

2450	2	22	0	1	2450
2450	3	22	0	1	2450
2450	5	22	0	1	2450
2450	6	22	0	1	2450
2450	7	22	0	1	2450
2450	8	22	0	1	2450
2450	9	22	0	1	2450
2450	10	22	0	1	2450
2450	11	22	0	1	2450
2450	12	22	0	1	2450
2450	14	22	0	1	2450
2450	15	22	0	1	2450
2450	18	22	0	1	2450
2450	19	22	0	1	2450
2450	20	22	0	1	2450
2450	22	22	0	1	2450
2450	24	22	0	1	2450
2450	25	22	0	1	2450
2450	26	22	0	1	2450
2450	27	22	0	1	2450
2450	29	22	0	1	2450
2450	30	22	0	1	2450

2500	2	22	0	1	2500
2500	3	22	0	1	2500
2500	5	22	0	1	2500
2500	6	22	0	1	2500
2500	7	22	0	1	2500
2500	8	22	0	1	2500
2500	9	22	0	1	2500
2500	10	22	0	1	2500
2500	11	22	0	1	2500
2500	12	22	0	1	2500
2500	14	22	0	1	2500
2500	15	22	0	1	2500
2500	18	22	0	1	2500
2500	19	22	0	1	2500
2500	20	22	0	1	2500
2500	22	22	0	1	2500
2500	24	22	0	1	2500
2500	25	22	0	1	2500
2500	26	22	0	1	2500
2500	27	22	0	1	2500
2500	29	22	0	1	2500
2500	30	22	0	1	2500

2550	2	22	0	1	2550
2550	3	22	0	1	2550
2550	5	22	0	1	2550
2550	6	22	0	1	2550
2550	7	22	0	1	2550
2550	8	22	0	1	2550
2550	9	22	0	1	2550
2550	10	22	0	1	2550
2550	11	22	0	1	2550
2550	12	22	0	1	2550
2550	14	22	0	1	2550
2550	15	22	0	1	2550
2550	18	22	0	1	2550
2550	19	22	0	1	2550
2550	20	22	0	1	2550
2550	22	22	0	1	2550
2550	24	22	0	1	2550
2550	25	22	0	1	2550
2550	26	22	0	1	2550
2550	27	22	0	1	2550
2550	29	22	0	1	2550
2550	30	22	0	1	2550

2600	3	21	0	1	2600
2600	5	21	0	1	2600
2600	6	21	0	1	2600
2600	7	21	0	1	2600
2600	8	21	0	1	2600
2600	9	21	0	1	2600
2600	10	21	0	1	2600
2600	11	21	0	1	2600
2600	12	21	0	1	2600
2600	14	21	0	1	2600
2600	15	21	0	1	2600
2600	18	21	0	1	2600
2600	19	21	0	1	2600
2600	20	21	0	1	2600
2600	22	21	0	1	2600
2600	24	21	0	1	2600
2600	25	21	0	1	2600
2600	26	21	0	1	2600
2600	27	21	0	1	2600
2600	29	21	0	1	2600
2600	30	21	0	1	2600

2650	3	21	0	1	2650
2650	5	21	0	1	2650
2650	6	21	0	1	2650
2650	7	21	0	1	2650
2650	8	21	0	1	2650
2650	9	21	0	1	2650
2650	10	21	0	1	2650
2650	11	21	0	1	2650
2650	12	21	0	1	2650
2650	14	21	0	1	2650
2650	15	21	0	1	2650
2650	18	21	0	1	2650
2650	19	21	0	1	2650
2650	20	21	0	1	2650
2650	22	21	0	1	2650
2650	24	21	0	1	2650
2650	25	21	0	1	2650
2650	26	21	0	1	2650
2650	27	21	0	1	2650
2650	29	21	0	1	2650
2650	30	21	0	1	2650

2700	3	21	0	1	2700
2700	5	21	0	1	2700
2700	6	21	0	1	2700
2700	7	21	0	1	2700
2700	8	21	0	1	2700
2700	9	21	0	1	2700
2700	10	21	0	1	2700
2700	11	21	0	1	2700
2700	12	21	0	1	2700
2700	14	21	0	1	2700
2700	15	21	0	1	2700
2700	18	21	0	1	2700
2700	19	21	0	1	2700
2700	20	21	0	1	2700
2700	22	21	0	1	2700
2700	24	21	0	1	2700
2700	25	21	0	1	2700
2700	26	21	0	1	2700
2700	27	21	0	1	2700
2700	29	21	0	1	2700
2700	30	21	0	1	2700

2750	3	21	0	1	2750
2750	5	21	0	1	2750
2750	6	21	0	1	2750
2750	7	21	0	1	2750
2750	8	21	0	1	2750
2750	9	21	0	1	2750
2750	10	21	0	1	2750
2750	11	21	0	1	2750
2750	12	21	0	1	2750
2750	14	21	0	1	2750
2750	15	21	0	1	2750
2750	18	21	0	1	2750
2750	19	21	0	1	2750
2750	20	21	0	1	2750
2750	22	21	0	1	2750
2750	24	21	0	1	2750
2750	25	21	0	1	2750
2750	26	21	0	1	2750
2750	27	21	0	1	2750
2750	29	21	0	1	2750
2750	30	21	0	1	2750

2800	3	21	0	1	2800
2800	5	21	0	1	2800
2800	6	21	0	1	2800
2800	7	21	0	1	2800
2800	8	21	0	1	2800
2800	9	21	0	1	2800
2800	10	21	0	1	2800
2800	11	21	0	1	2800
2800	12	21	0	1	2800
2800	14	21	0	1	2800
2800	15	21	0	1	2800
2800	18	21	0	1	2800
2800	19	21	0	1	2800
2800	20	21	0	1	2800
2800	22	21	0	1	2800
2800	24	21	0	1	2800
2800	25	21	0	1	2800
2800	26	21	0	1	2800
2800	27	21	0	1	2800
2800	29	21	0	1	2800
2800	30	21	0	1	2800

2850	3	21	0	1	2850
2850	5	21	0	1	2850
2850	6	21	0	1	2850
2850	7	21	0	1	2850
2850	8	21	0	1	2850
2850	9	21	0	1	2850
2850	10	21	0	1	2850
2850	11	21	0	1	2850
2850	12	21	0	1	2850
2850	14	21	0	1	2850
2850	15	21	0	1	2850
2850	18	21	0	1	2850
2850	19	21	0	1	2850
2850	20	21	0	1	2850
2850	22	21	0	1	2850
2850	24	21	0	1	2850
2850	25	21	0	1	2850
2850	26	21	0	1	2850
2850	27	21	0	1	2850
2850	29	21	0	1	2850
2850	30	21	0	1	2850

2900	3	21	0	1	2900
2900	5	21	0	1	2900
2900	6	21	0	1	2900
2900	7	21	0	1	2900
2900	8	21	0	1	2900
2900	9	21	0	1	2900
2900	10	21	0	1	2900
2900	11	21	0	1	2900
2900	12	21	0	1	2900
2900	14	21	0	1	2900
2900	15	21	0	1	2900
2900	18	21	0	1	2900
2900	19	21	0	1	2900
2900	20	21	0	1	2900
2900	22	21	0	1	2900
2900	24	21	0	1	2900
2900	25	21	0	1	2900
2900	26	21	0	1	2900
2900	27	21	0	1	2900
2900	29	21	0	1	2900
2900	30	21	0	1	2900

2950	3	21	0	1	2950
2950	5	21	0	1	2950
2950	6	21	0	1	2950
2950	7	21	0	1	2950
2950	8	21	0	1	2950
2950	9	21	0	1	2950
2950	10	21	0	1	2950
2950	11	21	0	1	2950
2950	12	21	0	1	2950
2950	14	21	0	1	2950
2950	15	21	0	1	2950
2950	18	21	0	1	2950
2950	19	21	0	1	2950
2950	20	21	0	1	2950
2950	22	21	0	1	2950
2950	24	21	0	1	2950
2950	25	21	0	1	2950
2950	26	21	0	1	2950
2950	27	21	0	1	2950
2950	29	21	0	1	2950
2950	30	21	0	1	2950

3000	3	21	0	1	3000
3000	5	21	0	1	3000
3000	6	21	0	1	3000
3000	7	21	0	1	3000
3000	8	21	0	1	3000
3000	9	21	0	1	3000
3000	10	21	0	1	3000
3000	11	21	0	1	3000
3000	12	21	0	1	3000
3000	14	21	0	1	3000
3000	15	21	0	1	3000
3000	18	21	0	1	3000
3000	19	21	0	1	3000
3000	20	21	0	1	3000
3000	22	21	0	1	3000
3000	24	21	0	1	3000
3000	25	21	0	1	3000
3000	26	21	0	1	3000
3000	27	21	0	1	3000
3000	29	21	0	1	3000
3000	30	21	0	1	3000

3050	3	21	0	1	3050
3050	5	21	0	1	3050
3050	6	21	0	1	3050
3050	7	21	0	1	3050
3050	8	21	0	1	3050
3050	9	21	0	1	3050
3050	10	21	0	1	3050
3050	11	21	0	1	3050
3050	12	21	0	1	3050
3050	14	21	0	1	3050
3050	15	21	0	1	3050
3050	18	21	0	1	3050
3050	19	21	0	1	3050
3050	20	21	0	1	3050
3050	22	21	0	1	3050
3050	24	21	0	1	3050
3050	25	21	0	1	3050
3050	26	21	0	1	3050
3050	27	21	0	1	3050
3050	29	21	0	1	3050
3050	30	21	0	1	3050

3100	3	20	0	1	3100
3100	5	20	0	1	3100
3100	6	20	0	1	3100
3100	7	20	0	1	3100
3100	8	20	0	1	3100
3100	9	20	0	1	3100
3100	10	20	0	1	3100
3100	11	20	0	1	3100
3100	12	20	0	1	3100
3100	14	20	0	1	3100
3100	15	20	0	1	3100
3100	19	20	0	1	3100
3100	20	20	0	1	3100
3100	22	20	0	1	3100
3100	24	20	0	1	3100
3100	25	20	0	1	3100
3100	26	20	0	1	3100
3100	27	20	0	1	3100
3100	29	20	0	1	3100
3100	30	20	0	1	3100

3150	3	20	0	1	3150
3150	5	20	0	1	3150
3150	6	20	0	1	3150
3150	7	20	0	1	3150
3150	8	20	0	1	3150
3150	9	20	0	1	3150
3150	10	20	0	1	3150
3150	11	20	0	1	3150
3150	12	20	0	1	3150
3150	14	20	0	1	3150
3150	15	20	0	1	3150
3150	19	20	0	1	3150
3150	20	20	0	1	3150
3150	22	20	0	1	3150
3150	24	20	0	1	3150
3150	25	20	0	1	3150
3150	26	20	0	1	3150
3150	27	20	0	1	3150
3150	29	20	0	1	3150
3150	30	20	0	1	3150

3200	3	20	0	1	3200
3200	5	20	0	1	3200
3200	6	20	0	1	3200
3200	7	20	0	1	3200
3200	8	20	0	1	3200
3200	9	20	0	1	3200
3200	10	20	0	1	3200
3200	11	20	0	1	3200
3200	12	20	0	1	3200
3200	14	20	0	1	3200
3200	15	20	0	1	3200
3200	19	20	0	1	3200
3200	20	20	0	1	3200
3200	22	20	0	1	3200
3200	24	20	0	1	3200
3200	25	20	0	1	3200
3200	26	20	0	1	3200
3200	27	20	0	1	3200
3200	29	20	0	1	3200
3200	30	20	0	1	3200

3250	3	20	0	1	3250
3250	5	20	0	1	3250
3250	6	20	0	1	3250
3250	7	20	0	1	3250
3250	8	20	0	1	3250
3250	9	20	0	1	3250
3250	10	20	0	1	3250
3250	11	20	0	1	3250
3250	12	20	0	1	3250
3250	14	20	0	1	3250
3250	15	20	0	1	3250
3250	19	20	0	1	3250
3250	20	20	0	1	3250
3250	22	20	0	1	3250
3250	24	20	0	1	3250
3250	25	20	0	1	3250
3250	26	20	0	1	3250
3250	27	20	0	1	3250
3250	29	20	0	1	3250
3250	30	20	0	1	3250

3300	3	20	0	1	3300
3300	5	20	0	1	3300
3300	6	20	0	1	3300
3300	7	20	0	1	3300
3300	8	20	0	1	3300
3300	9	20	0	1	3300
3300	10	20	0	1	3300
3300	11	20	0	1	3300
3300	12	20	0	1	3300
3300	14	20	0	1	3300
3300	15	20	0	1	3300
3300	19	20	0	1	3300
3300	20	20	0	1	3300
3300	22	20	0	1	3300
3300	24	20	0	1	3300
3300	25	20	0	1	3300
3300	26	20	0	1	3300
3300	27	20	0	1	3300
3300	29	20	0	1	3300
3300	30	20	0	1	3300

3350	3	20	0	1	3350
3350	5	20	0	1	3350
3350	6	20	0	1	3350
3350	7	20	0	1	3350
3350	8	20	0	1	3350
3350	9	20	0	1	3350
3350	10	20	0	1	3350
3350	11	20	0	1	3350
3350	12	20	0	1	3350
3350	14	20	0	1	3350
3350	15	20	0	1	3350
3350	19	20	0	1	3350
3350	20	20	0	1	3350
3350	22	20	0	1	3350
3350	24	20	0	1	3350
3350	25	20	0	1	3350
3350	26	20	0	1	3350
3350	27	20	0	1	3350
3350	29	20	0	1	3350
3350	30	20	0	1	3350

3400	3	20	0	1	3400
3400	5	20	0	1	3400
3400	6	20	0	1	3400
3400	7	20	0	1	3400
3400	8	20	0	1	3400
3400	9	20	0	1	3400
3400	10	20	0	1	3400
3400	11	20	0	1	3400
3400	12	20	0	1	3400
3400	14	20	0	1	3400
3400	15	20	0	1	3400
3400	19	20	0	1	3400
3400	20	20	0	1	3400
3400	22	20	0	1	3400
3400	24	20	0	1	3400
3400	25	20	0	1	3400
3400	26	20	0	1	3400
3400	27	20	0	1	3400
3400	29	20	0	1	3400
3400	30	20	0	1	3400

3450	3	20	0	1	3450
3450	5	20	0	1	3450
3450	6	20	0	1	3450
3450	7	20	0	1	3450
3450	8	20	0	1	3450
3450	9	20	0	1	3450
3450	10	20	0	1	3450
3450	11	20	0	1	3450
3450	12	20	0	1	3450
3450	14	20	0	1	3450
3450	15	20	0	1	3450
3450	19	20	0	1	3450
3450	20	20	0	1	3450
3450	22	20	0	1	3450
3450	24	20	0	1	3450
3450	25	20	0	1	3450
3450	26	20	0	1	3450
3450	27	20	0	1	3450
3450	29	20	0	1	3450
3450	30	20	0	1	3450

3500	3	20	0	1	3500
3500	5	20	0	1	3500
3500	6	20	0	1	3500
3500	7	20	0	1	3500
3500	8	20	0	1	3500
3500	9	20	0	1	3500
3500	10	20	0	1	3500
3500	11	20	0	1	3500
3500	12	20	0	1	3500
3500	14	20	0	1	3500
3500	15	20	0	1	3500
3500	19	20	0	1	3500
3500	20	20	0	1	3500
3500	22	20	0	1	3500
3500	24	20	0	1	3500
3500	25	20	0	1	3500
3500	26	20	0	1	3500
3500	27	20	0	1	3500
3500	29	20	0	1	3500
3500	30	20	0	1	3500

3550	3	20	0	1	3550
3550	5	20	0	1	3550
3550	6	20	0	1	3550
3550	7	20	0	1	3550
3550	8	20	0	1	3550
3550	9	20	0	1	3550
3550	10	20	0	1	3550
3550	11	20	0	1	3550
3550	12	20	0	1	3550
3550	14	20	0	1	3550
3550	15	20	0	1	3550
3550	19	20	0	1	3550
3550	20	20	0	1	3550
3550	22	20	0	1	3550
3550	24	20	0	1	3550
3550	25	20	0	1	3550
3550	26	20	0	1	3550
3550	27	20	0	1	3550
3550	29	20	0	1	3550
3550	30	20	0	1	3550

3600	3	20	0	1	3600
3600	5	20	0	1	3600
3600	6	20	0	1	3600
3600	7	20	0	1	3600
3600	8	20	0	1	3600
3600	9	20	0	1	3600
3600	10	20	0	1	3600
3600	11	20	0	1	3600
3600	12	20	0	1	3600
3600	14	20	0	1	3600
3600	15	20	0	1	3600
3600	19	20	0	1	3600
3600	20	20	0	1	3600
3600	22	20	0	1	3600
3600	24	20	0	1	3600
3600	25	20	0	1	3600
3600	26	20	0	1	3600
3600	27	20	0	1	3600
3600	29	20	0	1	3600
3600	30	20	0	1	3600

3650	3	18	0	1	3650
3650	5	18	0	1	3650
3650	6	18	0	1	3650
3650	7	18	0	1	3650
3650	8	18	0	1	3650
3650	9	18	0	1	3650
3650	10	18	0	1	3650
3650	11	18	0	1	3650
3650	12	18	0	1	3650
3650	14	18	0	1	3650
3650	15	18	0	1	3650
3650	19	18	0	1	3650
3650	20	18	0	1	3650
3650	22	18	0	1	3650
3650	25	18	0	1	3650
3650	27	18	0	1	3650
3650	29	18	0	1	3650
3650	30	18	0	1	3650

3700	3	18	0	1	3700
3700	5	18	0	1	3700
3700	6	18	0	1	3700
3700	7	18	0	1	3700
3700	8	18	0	1	3700
3700	9	18	0	1	3700
3700	10	18	0	1	3700
3700	11	18	0	1	3700
3700	12	18	0	1	3700
3700	14	18	0	1	3700
3700	15	18	0	1	3700
3700	19	18	0	1	3700
3700	20	18	0	1	3700
3700	22	18	0	1	3700
3700	25	18	0	1	3700
3700	27	18	0	1	3700
3700	29	18	0	1	3700
3700	30	18	0	1	3700

3750	3	17	0	1	3750
3750	5	17	0	1	3750
3750	6	17	0	1	3750
3750	7	17	0	1	3750
3750	8	17	0	1	3750
3750	9	17	0	1	3750
3750	10	17	0	1	3750
3750	11	17	0	1	3750
3750	12	17	0	1	3750
3750	14	17	0	1	3750
3750	15	17	0	1	3750
3750	19	17	0	1	3750
3750	20	17	0	1	3750
3750	22	17	0	1	3750
3750	25	17	0	1	3750
3750	29	17	0	1	3750
3750	30	17	0	1	3750

3800	3	17	0	1	3800
3800	5	17	0	1	3800
3800	6	17	0	1	3800
3800	7	17	0	1	3800
3800	8	17	0	1	3800
3800	9	17	0	1	3800
3800	10	17	0	1	3800
3800	11	17	0	1	3800
3800	12	17	0	1	3800
3800	14	17	0	1	3800
3800	15	17	0	1	3800
3800	19	17	0	1	3800
3800	20	17	0	1	3800
3800	22	17	0	1	3800
3800	25	17	0	1	3800
3800	29	17	0	1	3800
3800	30	17	0	1	3800

3850	3	17	0	1	3850
3850	5	17	0	1	3850
3850	6	17	0	1	3850
3850	7	17	0	1	3850
3850	8	17	0	1	3850
3850	9	17	0	1	3850
3850	10	17	0	1	3850
3850	11	17	0	1	3850
3850	12	17	0	1	3850
3850	14	17	0	1	3850
3850	15	17	0	1	3850
3850	19	17	0	1	3850
3850	20	17	0	1	3850
3850	22	17	0	1	3850
3850	25	17	0	1	3850
3850	29	17	0	1	3850
3850	30	17	0	1	3850

3900	3	17	0	1	3900
3900	5	17	0	1	3900
3900	6	17	0	1	3900
3900	7	17	0	1	3900
3900	8	17	0	1	3900
3900	9	17	0	1	3900
3900	10	17	0	1	3900
3900	11	17	0	1	3900
3900	12	17	0	1	3900
3900	14	17	0	1	3900
3900	15	17	0	1	3900
3900	19	17	0	1	3900
3900	20	17	0	1	3900
3900	22	17	0	1	3900
3900	25	17	0	1	3900
3900	29	17	0	1	3900
3900	30	17	0	1	3900

3950	3	17	0	1	3950
3950	5	17	0	1	3950
3950	6	17	0	1	3950
3950	7	17	0	1	3950
3950	8	17	0	1	3950
3950	9	17	0	1	3950
3950	10	17	0	1	3950
3950	11	17	0	1	3950
3950	12	17	0	1	3950
3950	14	17	0	1	3950
3950	15	17	0	1	3950
3950	19	17	0	1	3950
3950	20	17	0	1	3950
3950	22	17	0	1	3950
3950	25	17	0	1	3950
3950	29	17	0	1	3950
3950	30	17	0	1	3950

4000	3	16	0	1	4000
4000	5	16	0	1	4000
4000	6	16	0	1	4000
4000	7	16	0	1	4000
4000	8	16	0	1	4000
4000	9	16	0	1	4000
4000	10	16	0	1	4000
4000	11	16	0	1	4000
4000	12	16	0	1	4000
4000	14	16	0	1	4000
4000	15	16	0	1	4000
4000	20	16	0	1	4000
4000	22	16	0	1	4000
4000	25	16	0	1	4000
4000	29	16	0	1	4000
4000	30	16	0	1	4000

4050	3	16	0	1	4050
4050	5	16	0	1	4050
4050	6	16	0	1	4050
4050	7	16	0	1	4050
4050	8	16	0	1	4050
4050	9	16	0	1	4050
4050	10	16	0	1	4050
4050	11	16	0	1	4050
4050	12	16	0	1	4050
4050	14	16	0	1	4050
4050	15	16	0	1	4050
4050	20	16	0	1	4050
4050	22	16	0	1	4050
4050	25	16	0	1	4050
4050	29	16	0	1	4050
4050	30	16	0	1	4050

4100	3	16	0	1	4100
4100	5	16	0	1	4100
4100	6	16	0	1	4100
4100	7	16	0	1	4100
4100	8	16	0	1	4100
4100	9	16	0	1	4100
4100	10	16	0	1	4100
4100	11	16	0	1	4100
4100	12	16	0	1	4100
4100	14	16	0	1	4100
4100	15	16	0	1	4100
4100	20	16	0	1	4100
4100	22	16	0	1	4100
4100	25	16	0	1	4100
4100	29	16	0	1	4100
4100	30	16	0	1	4100

4150	3	16	0	1	4150
4150	5	16	0	1	4150
4150	6	16	0	1	4150
4150	7	16	0	1	4150
4150	8	16	0	1	4150
4150	9	16	0	1	4150
4150	10	16	0	1	4150
4150	11	16	0	1	4150
4150	12	16	0	1	4150
4150	14	16	0	1	4150
4150	15	16	0	1	4150
4150	20	16	0	1	4150
4150	22	16	0	1	4150
4150	25	16	0	1	4150
4150	29	16	0	1	4150
4150	30	16	0	1	4150

4200	3	16	0	1	4200
4200	5	16	0	1	4200
4200	6	16	0	1	4200
4200	7	16	0	1	4200
4200	8	16	0	1	4200
4200	9	16	0	1	4200
4200	10	16	0	1	4200
4200	11	16	0	1	4200
4200	12	16	0	1	4200
4200	14	16	0	1	4200
4200	15	16	0	1	4200
4200	20	16	0	1	4200
4200	22	16	0	1	4200
4200	25	16	0	1	4200
4200	29	16	0	1	4200
4200	30	16	0	1	4200

4250	3	16	0	1	4250
4250	5	16	0	1	4250
4250	6	16	0	1	4250
4250	7	16	0	1	4250
4250	8	16	0	1	4250
4250	9	16	0	1	4250
4250	10	16	0	1	4250
4250	11	16	0	1	4250
4250	12	16	0	1	4250
4250	14	16	0	1	4250
4250	15	16	0	1	4250
4250	20	16	0	1	4250
4250	22	16	0	1	4250
4250	25	16	0	1	4250
4250	29	16	0	1	4250
4250	30	16	0	1	4250

4300	3	16	0	1	4300
4300	5	16	0	1	4300
4300	6	16	0	1	4300
4300	7	16	0	1	4300
4300	8	16	0	1	4300
4300	9	16	0	1	4300
4300	10	16	0	1	4300
4300	11	16	0	1	4300
4300	12	16	0	1	4300
4300	14	16	0	1	4300
4300	15	16	0	1	4300
4300	20	16	0	1	4300
4300	22	16	0	1	4300
4300	25	16	0	1	4300
4300	29	16	0	1	4300
4300	30	16	0	1	4300

4350	3	16	0	1	4350
4350	5	16	0	1	4350
4350	6	16	0	1	4350
4350	7	16	0	1	4350
4350	8	16	0	1	4350
4350	9	16	0	1	4350
4350	10	16	0	1	4350
4350	11	16	0	1	4350
4350	12	16	0	1	4350
4350	14	16	0	1	4350
4350	15	16	0	1	4350
4350	20	16	0	1	4350
4350	22	16	0	1	4350
4350	25	16	0	1	4350
4350	29	16	0	1	4350
4350	30	16	0	1	4350

4400	3	16	0	1	4400
4400	5	16	0	1	4400
4400	6	16	0	1	4400
4400	7	16	0	1	4400
4400	8	16	0	1	4400
4400	9	16	0	1	4400
4400	10	16	0	1	4400
4400	11	16	0	1	4400
4400	12	16	0	1	4400
4400	14	16	0	1	4400
4400	15	16	0	1	4400
4400	20	16	0	1	4400
4400	22	16	0	1	4400
4400	25	16	0	1	4400
4400	29	16	0	1	4400
4400	30	16	0	1	4400

4450	3	16	0	1	4450
4450	5	16	0	1	4450
4450	6	16	0	1	4450
4450	7	16	0	1	4450
4450	8	16	0	1	4450
4450	9	16	0	1	4450
4450	10	16	0	1	4450
4450	11	16	0	1	4450
4450	12	16	0	1	4450
4450	14	16	0	1	4450
4450	15	16	0	1	4450
4450	20	16	0	1	4450
4450	22	16	0	1	4450
4450	25	16	0	1	4450
4450	29	16	0	1	4450
4450	30	16	0	1	4450

4500	3	16	0	1	4500
4500	5	16	0	1	4500
4500	6	16	0	1	4500
4500	7	16	0	1	4500
4500	8	16	0	1	4500
4500	9	16	0	1	4500
4500	10	16	0	1	4500
4500	11	16	0	1	4500
4500	12	16	0	1	4500
4500	14	16	0	1	4500
4500	15	16	0	1	4500
4500	20	16	0	1	4500
4500	22	16	0	1	4500
4500	25	16	0	1	4500
4500	29	16	0	1	4500
4500	30	16	0	1	4500

4550	3	16	0	1	4550
4550	5	16	0	1	4550
4550	6	16	0	1	4550
4550	7	16	0	1	4550
4550	8	16	0	1	4550
4550	9	16	0	1	4550
4550	10	16	0	1	4550
4550	11	16	0	1	4550
4550	12	16	0	1	4550
4550	14	16	0	1	4550
4550	15	16	0	1	4550
4550	20	16	0	1	4550
4550	22	16	0	1	4550
4550	25	16	0	1	4550
4550	29	16	0	1	4550
4550	30	16	0	1	4550

4600	3	16	0	1	4600
4600	5	16	0	1	4600
4600	6	16	0	1	4600
4600	7	16	0	1	4600
4600	8	16	0	1	4600
4600	9	16	0	1	4600
4600	10	16	0	1	4600
4600	11	16	0	1	4600
4600	12	16	0	1	4600
4600	14	16	0	1	4600
4600	15	16	0	1	4600
4600	20	16	0	1	4600
4600	22	16	0	1	4600
4600	25	16	0	1	4600
4600	29	16	0	1	4600
4600	30	16	0	1	4600

4650	3	16	0	1	4650
4650	5	16	0	1	4650
4650	6	16	0	1	4650
4650	7	16	0	1	4650
4650	8	16	0	1	4650
4650	9	16	0	1	4650
4650	10	16	0	1	4650
4650	11	16	0	1	4650
4650	12	16	0	1	4650
4650	14	16	0	1	4650
4650	15	16	0	1	4650
4650	20	16	0	1	4650
4650	22	16	0	1	4650
4650	25	16	0	1	4650
4650	29	16	0	1	4650
4650	30	16	0	1	4650

4700	3	16	0	1	4700
4700	5	16	0	1	4700
4700	6	16	0	1	4700
4700	7	16	0	1	4700
4700	8	16	0	1	4700
4700	9	16	0	1	4700
4700	10	16	0	1	4700
4700	11	16	0	1	4700
4700	12	16	0	1	4700
4700	14	16	0	1	4700
4700	15	16	0	1	4700
4700	20	16	0	1	4700
4700	22	16	0	1	4700
4700	25	16	0	1	4700
4700	29	16	0	1	4700
4700	30	16	0	1	4700

4750	3	16	0	1	4750
4750	5	16	0	1	4750
4750	6	16	0	1	4750
4750	7	16	0	1	4750
4750	8	16	0	1	4750
4750	9	16	0	1	4750
4750	10	16	0	1	4750
4750	11	16	0	1	4750
4750	12	16	0	1	4750
4750	14	16	0	1	4750
4750	15	16	0	1	4750
4750	20	16	0	1	4750
4750	22	16	0	1	4750
4750	25	16	0	1	4750
4750	29	16	0	1	4750
4750	30	16	0	1	4750

4800	3	16	0	1	4800
4800	5	16	0	1	4800
4800	6	16	0	1	4800
4800	7	16	0	1	4800
4800	8	16	0	1	4800
4800	9	16	0	1	4800
4800	10	16	0	1	4800
4800	11	16	0	1	4800
4800	12	16	0	1	4800
4800	14	16	0	1	4800
4800	15	16	0	1	4800
4800	20	16	0	1	4800
4800	22	16	0	1	4800
4800	25	16	0	1	4800
4800	29	16	0	1	4800
4800	30	16	0	1	4800

4850	3	16	0	1	4850
4850	5	16	0	1	4850
4850	6	16	0	1	4850
4850	7	16	0	1	4850
4850	8	16	0	1	4850
4850	9	16	0	1	4850
4850	10	16	0	1	4850
4850	11	16	0	1	4850
4850	12	16	0	1	4850
4850	14	16	0	1	4850
4850	15	16	0	1	4850
4850	20	16	0	1	4850
4850	22	16	0	1	4850
4850	25	16	0	1	4850
4850	29	16	0	1	4850
4850	30	16	0	1	4850

4900	3	16	0	1	4900
4900	5	16	0	1	4900
4900	6	16	0	1	4900
4900	7	16	0	1	4900
4900	8	16	0	1	4900
4900	9	16	0	1	4900
4900	10	16	0	1	4900
4900	11	16	0	1	4900
4900	12	16	0	1	4900
4900	14	16	0	1	4900
4900	15	16	0	1	4900
4900	20	16	0	1	4900
4900	22	16	0	1	4900
4900	25	16	0	1	4900
4900	29	16	0	1	4900
4900	30	16	0	1	4900

4950	3	16	0	1	4950
4950	5	16	0	1	4950
4950	6	16	0	1	4950
4950	7	16	0	1	4950
4950	8	16	0	1	4950
4950	9	16	0	1	4950
4950	10	16	0	1	4950
4950	11	16	0	1	4950
4950	12	16	0	1	4950
4950	14	16	0	1	4950
4950	15	16	0	1	4950
4950	20	16	0	1	4950
4950	22	16	0	1	4950
4950	25	16	0	1	4950
4950	29	16	0	1	4950
4950	30	16	0	1	4950

5000	3	16	0	1	5000
5000	5	16	0	1	5000
5000	6	16	0	1	5000
5000	7	16	0	1	5000
5000	8	16	0	1	5000
5000	9	16	0	1	5000
5000	10	16	0	1	5000
5000	11	16	0	1	5000
5000	12	16	0	1	5000
5000	14	16	0	1	5000
5000	15	16	0	1	5000
5000	20	16	0	1	5000
5000	22	16	0	1	5000
5000	25	16	0	1	5000
5000	29	16	0	1	5000
5000	30	16	0	1	5000

