"time"	"l.x"	"u"	"G"
0	0	26.25326187	0.533021565
0	1	56.37610547	0.366679875
0	2	19.94149139	0.1620348758
0	3	48.81964643	0.1598673713
0	4	48.82055152	0.4720977925
0	5	54.08139838	0.2521045318
0	6	47.55350303	0.5045780462
0	7	41.23458919	0.1573025316
0	8	59.49379727	0.2046305113
0	9	15.30860312	0.1810407917
0	10	20.19623831	0.287789339
0	11	10.53459802	0.3606991039
0	12	17.54865392	0.3556425456
0	13	57.49463565	0.3237629239
0	14	18.95918093	0.4563007559
0	15	49.36134185	0.5440632908
0	16	57.95552895	0.4132224155
0	17	19.63611487	0.2905318093
0	18	26.16084805	0.1718900383
0	19	47.64635671	0.4794642612
0	20	55.44464616	0.4179453672
0	21	53.96767921	0.1926219531
0	22	50.12223334	0.2996986404
0	23	59.48737435	0.5294820116
0	24	34.37811105	0.5733273518
0	25	36.92773594	0.4429125948
0	26	28.82074718	0.2599421347
0	27	51.57747311	0.4594738975
0	28	59.7109487	0.5490404369
0	29	44.20147205	0.1925239133
0	30	41.08506724	0.174814964
0	31	20.56403028	0.2081690687
0	32	18.10615164	0.5411050654
0	33	26.62843613	0.5317500628
0	34	44.02566757	0.2403004467
0	35	14.63725995	0.3893665165
0	36	50.77076766	0.3389280667
0	37	23.78577091	0.2015262203
0	38	48.00997054	0.3872705863
0	39	41.24830217	0.1701437398
0	40	50.75431763	0.2852384185
0	41	20.09015	0.5890459992
0	42	45.86457764	0.2052915252
0	43	59.56779181	0.1105980531
0	44	40.99477928	0.4264451328
0	45	58.1274105	0.318420018
0	46	46.99124405	0.497167771
0	47	37.33412973	0.4304760388
0	48	20.52910569	0.5246615094
0	49	58.84725653	0.340770313
0	50	20.81598629	0.2486859507
0	51	57.40763313	0.1394815171
0	52	59.81465021	0.2884051901
0	53	53.36257628	0.445611235
0	54	35.49550043	0.2481997337
0	55	57.4877453	0.440523875
0	56	15.06947613	0.1224796568
0	57	45.21810696	0.4698435157
0	58	16.96561946	0.5679977949
0	59	24.35661122	0.1959344786
0	60	42.0086363	0.1426814546
0	61	41.78241847	0.2605358618
0	62	24.0238381	0.2773404763
0	63	29.47875806	0.5872681309
0	64	58.01887503	0.5907613455
0	65	53.61564776	0.2898842687
0	66	19.14483759	0.3623769918
0	67	14.18408693	0.2165490649
0	68	14.56991822	0.3352569546
0	69	51.46421539	0.3442602868
0	70	51.12629632	0.5481347141
0	71	12.59881128	0.469981989
0	72	54.48064989	0.1910295137
0	73	35.41503219	0.2767898838
0	74	23.26916717	0.2139340334
0	75	53.03698774	0.2392491225
0	76	43.08532756	0.3214433796
0	77	18.1006043	0.4848243158
0	78	13.84550285	0.5234871828
0	79	43.91400157	0.5381658273
0	80	33.08729425	0.5833135272
0	81	40.71832891	0.1972503116
0	82	12.73454574	0.4486257527
0	83	27.94597132	0.1287973783
0	84	57.35802352	0.2677372217
0	85	23.1892951	0.3016978244
0	86	34.67858608	0.1831582939
0	87	49.41861719	0.4623707152
0	88	32.33412637	0.2300520484
0	89	26.16779636	0.3938328198
0	90	28.42059918	0.3603368446
0	91	47.38986797	0.1059603367
0	92	27.61368346	0.26625593
0	93	42.04256421	0.4506659316
0	94	30.13884028	0.5809504466
0	95	46.72271178	0.1455509856
0	96	29.49544695	0.2000973372
0	97	13.54402866	0.4343100102
0	98	18.54755519	0.2372072336
0	99	53.35756414	0.4398938435
0	100	45.49175198	0.2743674028
0	101	59.67389475	0.5971355719
0	102	17.63955524	0.4595932374
0	103	10.85457136	0.2648237427
0	104	30.19248845	0.3676254675
0	105	20.99134445	0.4348903461
0	106	37.61637136	0.2856287447
0	107	55.33591411	0.3213413251
0	108	24.33687282	0.4112895392
0	109	34.49587632	0.3008531211
0	110	54.82038895	0.185267418
0	111	20.17054517	0.2499899365
0	112	19.44810027	0.126154801
0	113	15.45210657	0.2755259231
0	114	46.89417167	0.3339759193
0	115	17.39874619	0.495352656
0	116	39.61327396	0.3424209275
0	117	59.13985977	0.1142872282
0	118	41.76591559	0.5789908159
0	119	23.71280265	0.2094476459
0	120	54.56307733	0.2288890758
0	121	40.34550702	0.1020279177
0	122	46.19300379	0.1541538959
0	123	44.53746708	0.2662522269
0	124	59.5560616	0.3846269907
0	125	37.1045205	0.364981585
0	126	34.35160025	0.5741150914
0	127	39.36701738	0.3982925162
0	128	39.36012848	0.3194863963
0	129	33.63258344	0.5535657112
0	130	24.51171367	0.1827196009
0	131	12.30243004	0.5597461103
0	132	13.96727934	0.5585759515
0	133	34.73398486	0.2143993687
0	134	40.2468904	0.136812399
0	135	16.41973757	0.1956437753
0	136	38.46905443	0.3994273375
0	137	44.28441382	0.2277720514
0	138	33.86648212	0.5347205569
0	139	59.01404218	0.2202744772
0	140	54.85883436	0.563572585
0	141	26.06927944	0.209000179
0	142	29.79240897	0.5479098443
0	143	27.57402365	0.5345589438
0	144	50.76584281	0.4862977847
0	145	48.88615235	0.5096075108
0	146	17.70540863	0.3176391297
0	147	27.99003734	0.535887492
0	148	47.20821176	0.2536892559
0	149	18.6320652	0.2430554657
0	150	17.82645776	0.1808325736
0	151	50.67167697	0.109747583
0	152	39.48274761	0.1675252395
0	153	29.76162051	0.139858084
0	154	39.41860554	0.1827982439
0	155	46.53251887	0.1672560169
0	156	21.64767564	0.2679099882
0	157	49.01643541	0.490232913
0	158	19.54937134	0.3105024408
0	159	23.32523905	0.5703190774
0	160	20.73174878	0.1804087187
0	161	55.63280287	0.4190384749
0	162	45.79800366	0.2490150699
0	163	48.05737506	0.5313766145
0	164	43.20836395	0.5842315527
0	165	11.70506366	0.47217103
0	166	30.36140602	0.3561071362
0	167	25.78928259	0.5973362473
0	168	27.81910617	0.1309251141
0	169	52.08302865	0.1732526
0	170	49.8978927	0.5010604078
0	171	22.37970851	0.5706423056
0	172	45.01958554	0.3043649184
0	173	21.26594643	0.1803643518
0	174	39.48489823	0.3732878507
0	175	48.68311769	0.3837476247
0	176	11.78344467	0.362097854
0	177	12.62997364	0.4630577453
0	178	25.99936207	0.3837594582
0	179	26.96883259	0.5151783605
0	180	56.14924095	0.2858388245
0	181	53.14078865	0.5432269351
0	182	33.99379589	0.3051202834
0	183	13.88524383	0.1283813902
0	184	51.08984085	0.3962980906
0	185	25.12994778	0.1350102658
0	186	38.4195616	0.4744068909
0	187	24.95360008	0.1523815537
0	188	10.25416861	0.5082905436
0	189	20.78398808	0.297903851
0	190	36.86529551	0.2243777595
0	191	35.14509091	0.4231862061
0	192	48.82473123	0.1656864401
0	193	43.49384448	0.1486401412
0	194	24.61900417	0.2856980944
0	195	40.40243045	0.2556447016
0	196	55.88959558	0.1728642626
0	197	15.29620018	0.1869408245
0	198	11.26069779	0.4388868494
0	199	12.85854934	0.4557409187
0	200	43.2477219	0.2702085096
0	201	40.92046744	0.1022399677
0	202	25.50833144	0.2683978756
0	203	55.29023836	0.5750817024
0	204	46.4598263	0.309444892
0	205	26.37845836	0.5151619274
0	206	18.97669543	0.2610974166
0	207	15.29469403	0.5776307773
0	208	40.8475024	0.3726844279
0	209	48.30623886	0.347016858
0	210	29.87106068	0.1834998847
0	211	40.36437064	0.3342830205
0	212	42.53620489	0.3369754607
0	213	17.49967243	0.3687534805
0	214	24.58092716	0.4999185884
0	215	55.48111862	0.1012498862
0	216	51.12743646	0.3598454013
0	217	28.95561555	0.343955744
0	218	19.82816112	0.3720373938
0	219	17.88671878	0.2009059433
0	220	46.76648959	0.3596779657
0	221	20.1793612	0.4562637873
0	222	56.91348415	0.4219306032
0	223	21.32634928	0.1357515153
0	224	52.98415724	0.5331713667
0	225	33.69822855	0.5778678785
0	226	37.8012565	0.3238186474
0	227	41.5577851	0.1991923756
0	228	24.51999942	0.1070886558
0	229	22.9854011	0.4956540645
0	230	56.13845151	0.1319323604
0	231	23.33121351	0.5471990201
0	232	35.73382796	0.31177796
0	233	22.25995689	0.4657024656
0	234	10.8700318	0.4004193454
0	235	30.33145682	0.5473293848
0	236	14.39820386	0.5148063873
0	237	33.48406926	0.4971821631
0	238	38.88735599	0.5069109572
0	239	26.70141122	0.3346482539
0	240	46.47649682	0.4732437941
0	241	33.34664597	0.2915295013
0	242	16.77536689	0.2817715442
0	243	37.18657897	0.2702334304
0	244	32.60459487	0.2282059167
0	245	11.21698623	0.1093290408
0	246	36.39609157	0.5324736157
0	247	32.6987628	0.3383816057
0	248	41.2692505	0.3091135917
0	249	27.1600488	0.3129137077
0	250	43.48501719	0.4367153029
0	251	45.98294696	0.217905011
0	252	41.53133399	0.5812825737
0	253	35.11965847	0.4419424761
0	254	43.94486582	0.3954577196
0	255	56.8083186	0.1481196567

10	0	3.275796958	0.003998300463
10	1	3.275797016	0.003998300521
10	2	3.275797132	0.003998300637
10	3	3.275797306	0.00399830081
10	4	3.275797538	0.003998301042
10	5	3.275797828	0.003998301331
10	6	3.275798175	0.003998301677
10	7	3.275798581	0.003998302081
10	8	3.275799045	0.003998302542
10	9	3.275799567	0.00399830306
10	10	3.275800147	0.003998303634
10	11	3.275800785	0.003998304265
10	12	3.27580148	0.003998304951
10	13	3.275802234	0.003998305693
10	14	3.275803045	0.00399830649
10	15	3.275803913	0.003998307341
10	16	3.275804838	0.003998308245
10	17	3.27580582	0.003998309203
10	18	3.275806858	0.003998310212
10	19	3.275807952	0.003998311274
10	20	3.2758091	0.003998312385
10	21	3.275810303	0.003998313546
10	22	3.275811559	0.003998314755
10	23	3.275812867	0.003998316011
10	24	3.275814226	0.003998317312
10	25	3.275815635	0.003998318658
10	26	3.275817092	0.003998320047
10	27	3.275818596	0.003998321477
10	28	3.275820145	0.003998322946
10	29	3.275821737	0.003998324452
10	30	3.27582337	0.003998325995
10	31	3.275825042	0.00399832757
10	32	3.275826751	0.003998329177
10	33	3.275828493	0.003998330813
10	34	3.275830267	0.003998332476
10	35	3.275832069	0.003998334163
10	36	3.275833896	0.003998335872
10	37	3.275835745	0.0039983376
10	38	3.275837613	0.003998339344
10	39	3.275839497	0.003998341101
10	40	3.275841392	0.003998342869
10	41	3.275843296	0.003998344645
10	42	3.275845204	0.003998346426
10	43	3.275847112	0.003998348208
10	44	3.275849017	0.003998349988
10	45	3.275850914	0.003998351764
10	46	3.275852799	0.003998353533
10	47	3.275854669	0.003998355291
10	48	3.275856519	0.003998357034
10	49	3.275858345	0.003998358761
10	50	3.275860142	0.003998360468
10	51	3.275861907	0.003998362152
10	52	3.275863636	0.00399836381
10	53	3.275865324	0.003998365438
10	54	3.275866968	0.003998367036
10	55	3.275868564	0.003998368598
10	56	3.275870109	0.003998370124
10	57	3.275871598	0.00399837161
10	58	3.275873029	0.003998373055
10	59	3.275874398	0.003998374455
10	60	3.275875702	0.003998375809
10	61	3.275876939	0.003998377115
10	62	3.275878106	0.003998378371
10	63	3.275879201	0.003998379576
10	64	3.275880222	0.003998380728
10	65	3.275881167	0.003998381826
10	66	3.275882034	0.003998382869
10	67	3.275882824	0.003998383856
10	68	3.275883533	0.003998384788
10	69	3.275884164	0.003998385663
10	70	3.275884714	0.003998386481
10	71	3.275885184	0.003998387243
10	72	3.275885576	0.003998387948
10	73	3.275885888	0.003998388598
10	74	3.275886124	0.003998389193
10	75	3.275886283	0.003998389735
10	76	3.275886368	0.003998390224
10	77	3.275886382	0.003998390661
10	78	3.275886326	0.003998391049
10	79	3.275886202	0.00399839139
10	80	3.275886016	0.003998391684
10	81	3.275885768	0.003998391935
10	82	3.275885464	0.003998392145
10	83	3.275885106	0.003998392316
10	84	3.275884699	0.003998392451
10	85	3.275884247	0.003998392553
10	86	3.275883755	0.003998392624
10	87	3.275883227	0.003998392668
10	88	3.275882668	0.003998392688
10	89	3.275882083	0.003998392686
10	90	3.275881476	0.003998392666
10	91	3.275880854	0.003998392632
10	92	3.27588022	0.003998392586
10	93	3.275879581	0.003998392532
10	94	3.275878941	0.003998392473
10	95	3.275878305	0.003998392412
10	96	3.275877679	0.003998392353
10	97	3.275877067	0.003998392298
10	98	3.275876475	0.00399839225
10	99	3.275875908	0.003998392213
10	100	3.275875368	0.003998392189
10	101	3.275874863	0.003998392181
10	102	3.275874394	0.003998392191
10	103	3.275873967	0.003998392222
10	104	3.275873585	0.003998392276
10	105	3.275873252	0.003998392354
10	106	3.275872971	0.003998392459
10	107	3.275872744	0.003998392592
10	108	3.275872574	0.003998392755
10	109	3.275872464	0.003998392949
10	110	3.275872415	0.003998393174
10	111	3.275872428	0.003998393431
10	112	3.275872505	0.00399839372
10	113	3.275872647	0.003998394043
10	114	3.275872853	0.003998394398
10	115	3.275873124	0.003998394785
10	116	3.27587346	0.003998395204
10	117	3.275873858	0.003998395654
10	118	3.275874318	0.003998396133
10	119	3.275874839	0.003998396641
10	120	3.275875418	0.003998397176
10	121	3.275876053	0.003998397737
10	122	3.275876741	0.00399839832
10	123	3.275877479	0.003998398924
10	124	3.275878264	0.003998399547
10	125	3.275879092	0.003998400187
10	126	3.275879959	0.003998400839
10	127	3.27588086	0.003998401503
10	128	3.275881792	0.003998402174
10	129	3.275882749	0.003998402849
10	130	3.275883726	0.003998403527
10	131	3.27588472	0.003998404202
10	132	3.275885724	0.003998404872
10	133	3.275886733	0.003998405535
10	134	3.275887742	0.003998406185
10	135	3.275888745	0.003998406821
10	136	3.275889738	0.003998407438
10	137	3.275890715	0.003998408034
10	138	3.275891671	0.003998408605
10	139	3.275892601	0.003998409149
10	140	3.2758935	0.003998409662
10	141	3.275894363	0.003998410142
10	142	3.275895186	0.003998410585
10	143	3.275895964	0.00399841099
10	144	3.275896693	0.003998411353
10	145	3.27589737	0.003998411673
10	146	3.275897991	0.003998411947
10	147	3.275898553	0.003998412175
10	148	3.275899053	0.003998412353
10	149	3.275899489	0.003998412481
10	150	3.275899858	0.003998412558
10	151	3.27590016	0.003998412582
10	152	3.275900392	0.003998412554
10	153	3.275900554	0.003998412472
10	154	3.275900646	0.003998412336
10	155	3.275900667	0.003998412146
10	156	3.275900619	0.003998411904
10	157	3.2759005	0.003998411608
10	158	3.275900314	0.00399841126
10	159	3.27590006	0.00399841086
10	160	3.275899742	0.003998410411
10	161	3.275899361	0.003998409912
10	162	3.275898919	0.003998409366
10	163	3.27589842	0.003998408774
10	164	3.275897866	0.003998408137
10	165	3.275897262	0.003998407458
10	166	3.275896609	0.003998406739
10	167	3.275895912	0.003998405982
10	168	3.275895175	0.003998405188
10	169	3.275894401	0.00399840436
10	170	3.275893594	0.003998403501
10	171	3.275892759	0.003998402612
10	172	3.275891899	0.003998401695
10	173	3.275891018	0.003998400754
10	174	3.27589012	0.003998399789
10	175	3.275889208	0.003998398804
10	176	3.275888287	0.0039983978
10	177	3.27588736	0.003998396779
10	178	3.27588643	0.003998395743
10	179	3.275885499	0.003998394693
10	180	3.275884572	0.003998393632
10	181	3.275883649	0.003998392561
10	182	3.275882733	0.00399839148
10	183	3.275881827	0.003998390392
10	184	3.275880931	0.003998389296
10	185	3.275880047	0.003998388194
10	186	3.275879176	0.003998387087
10	187	3.275878318	0.003998385974
10	188	3.275877473	0.003998384856
10	189	3.27587664	0.003998383733
10	190	3.275875821	0.003998382605
10	191	3.275875012	0.003998381472
10	192	3.275874214	0.003998380333
10	193	3.275873424	0.003998379188
10	194	3.275872641	0.003998378035
10	195	3.275871863	0.003998376875
10	196	3.275871087	0.003998375706
10	197	3.27587031	0.003998374527
10	198	3.27586953	0.003998373337
10	199	3.275868744	0.003998372134
10	200	3.275867949	0.003998370919
10	201	3.275867141	0.003998369688
10	202	3.275866317	0.003998368442
10	203	3.275865475	0.003998367179
10	204	3.27586461	0.003998365898
10	205	3.275863719	0.003998364597
10	206	3.2758628	0.003998363276
10	207	3.275861849	0.003998361933
10	208	3.275860864	0.003998360568
10	209	3.275859841	0.003998359181
10	210	3.275858779	0.00399835777
10	211	3.275857675	0.003998356335
10	212	3.275856527	0.003998354876
10	213	3.275855334	0.003998353393
10	214	3.275854095	0.003998351886
10	215	3.275852808	0.003998350356
10	216	3.275851474	0.003998348804
10	217	3.275850092	0.00399834723
10	218	3.275848663	0.003998345635
10	219	3.275847188	0.003998344021
10	220	3.275845667	0.003998342389
10	221	3.275844103	0.003998340742
10	222	3.275842498	0.003998339082
10	223	3.275840854	0.00399833741
10	224	3.275839174	0.003998335731
10	225	3.275837463	0.003998334046
10	226	3.275835723	0.003998332358
10	227	3.27583396	0.003998330671
10	228	3.275832177	0.003998328989
10	229	3.275830381	0.003998327315
10	230	3.275828575	0.003998325653
10	231	3.275826767	0.003998324007
10	232	3.275824961	0.003998322381
10	233	3.275823163	0.00399832078
10	234	3.275821382	0.003998319207
10	235	3.275819621	0.003998317667
10	236	3.275817889	0.003998316164
10	237	3.275816192	0.003998314703
10	238	3.275814536	0.003998313288
10	239	3.275812928	0.003998311924
10	240	3.275811375	0.003998310614
10	241	3.275809882	0.003998309363
10	242	3.275808457	0.003998308175
10	243	3.275807106	0.003998307054
10	244	3.275805833	0.003998306004
10	245	3.275804646	0.003998305028
10	246	3.275803548	0.003998304129
10	247	3.275802546	0.003998303311
10	248	3.275801643	0.003998302576
10	249	3.275800843	0.003998301927
10	250	3.275800151	0.003998301367
10	251	3.275799569	0.003998300896
10	252	3.275799101	0.003998300518
10	253	3.275798747	0.003998300233
10	254	3.275798511	0.003998300043
10	255	3.275798392	0.003998299947

20	0	3.261280943	0.003980308337
20	1	3.261280943	0.003980308337
20	2	3.261280943	0.003980308338
20	3	3.261280943	0.00398030834
20	4	3.261280944	0.003980308343
20	5	3.261280944	0.003980308345
20	6	3.261280945	0.003980308349
20	7	3.261280945	0.003980308353
20	8	3.261280946	0.003980308357
20	9	3.261280947	0.003980308362
20	10	3.261280948	0.003980308368
20	11	3.261280949	0.003980308374
20	12	3.26128095	0.003980308381
20	13	3.261280951	0.003980308388
20	14	3.261280953	0.003980308395
20	15	3.261280954	0.003980308403
20	16	3.261280955	0.003980308412
20	17	3.261280957	0.00398030842
20	18	3.261280958	0.00398030843
20	19	3.26128096	0.003980308439
20	20	3.261280961	0.003980308449
20	21	3.261280963	0.003980308459
20	22	3.261280965	0.00398030847
20	23	3.261280967	0.003980308481
20	24	3.261280968	0.003980308492
20	25	3.26128097	0.003980308503
20	26	3.261280972	0.003980308515
20	27	3.261280974	0.003980308527
20	28	3.261280976	0.003980308539
20	29	3.261280978	0.003980308551
20	30	3.26128098	0.003980308563
20	31	3.261280981	0.003980308575
20	32	3.261280983	0.003980308588
20	33	3.261280985	0.0039803086
20	34	3.261280987	0.003980308613
20	35	3.261280989	0.003980308625
20	36	3.261280991	0.003980308638
20	37	3.261280993	0.00398030865
20	38	3.261280995	0.003980308663
20	39	3.261280996	0.003980308676
20	40	3.261280998	0.003980308688
20	41	3.261281	0.0039803087
20	42	3.261281002	0.003980308713
20	43	3.261281004	0.003980308725
20	44	3.261281005	0.003980308737
20	45	3.261281007	0.003980308749
20	46	3.261281009	0.00398030876
20	47	3.26128101	0.003980308772
20	48	3.261281012	0.003980308783
20	49	3.261281013	0.003980308795
20	50	3.261281015	0.003980308806
20	51	3.261281016	0.003980308817
20	52	3.261281018	0.003980308827
20	53	3.261281019	0.003980308838
20	54	3.261281021	0.003980308848
20	55	3.261281022	0.003980308858
20	56	3.261281024	0.003980308868
20	57	3.261281025	0.003980308877
20	58	3.261281026	0.003980308886
20	59	3.261281027	0.003980308895
20	60	3.261281029	0.003980308904
20	61	3.26128103	0.003980308913
20	62	3.261281031	0.003980308921
20	63	3.261281032	0.003980308929
20	64	3.261281033	0.003980308937
20	65	3.261281034	0.003980308945
20	66	3.261281035	0.003980308952
20	67	3.261281036	0.003980308959
20	68	3.261281037	0.003980308966
20	69	3.261281038	0.003980308973
20	70	3.261281039	0.00398030898
20	71	3.26128104	0.003980308986
20	72	3.261281041	0.003980308992
20	73	3.261281042	0.003980308998
20	74	3.261281043	0.003980309003
20	75	3.261281044	0.003980309009
20	76	3.261281044	0.003980309014
20	77	3.261281045	0.003980309019
20	78	3.261281046	0.003980309024
20	79	3.261281047	0.003980309029
20	80	3.261281048	0.003980309033
20	81	3.261281048	0.003980309037
20	82	3.261281049	0.003980309042
20	83	3.26128105	0.003980309046
20	84	3.261281051	0.003980309049
20	85	3.261281051	0.003980309053
20	86	3.261281052	0.003980309057
20	87	3.261281053	0.00398030906
20	88	3.261281054	0.003980309063
20	89	3.261281054	0.003980309067
20	90	3.261281055	0.00398030907
20	91	3.261281056	0.003980309073
20	92	3.261281056	0.003980309075
20	93	3.261281057	0.003980309078
20	94	3.261281058	0.003980309081
20	95	3.261281059	0.003980309083
20	96	3.261281059	0.003980309086
20	97	3.26128106	0.003980309088
20	98	3.261281061	0.00398030909
20	99	3.261281061	0.003980309092
20	100	3.261281062	0.003980309094
20	101	3.261281063	0.003980309096
20	102	3.261281063	0.003980309098
20	103	3.261281064	0.0039803091
20	104	3.261281065	0.003980309102
20	105	3.261281066	0.003980309104
20	106	3.261281066	0.003980309105
20	107	3.261281067	0.003980309107
20	108	3.261281068	0.003980309108
20	109	3.261281068	0.00398030911
20	110	3.261281069	0.003980309111
20	111	3.26128107	0.003980309113
20	112	3.26128107	0.003980309114
20	113	3.261281071	0.003980309115
20	114	3.261281072	0.003980309117
20	115	3.261281072	0.003980309118
20	116	3.261281073	0.003980309119
20	117	3.261281074	0.00398030912
20	118	3.261281074	0.003980309121
20	119	3.261281075	0.003980309122
20	120	3.261281076	0.003980309123
20	121	3.261281076	0.003980309124
20	122	3.261281077	0.003980309125
20	123	3.261281078	0.003980309126
20	124	3.261281078	0.003980309127
20	125	3.261281079	0.003980309127
20	126	3.261281079	0.003980309128
20	127	3.26128108	0.003980309129
20	128	3.26128108	0.003980309129
20	129	3.261281081	0.00398030913
20	130	3.261281081	0.003980309131
20	131	3.261281082	0.003980309131
20	132	3.261281082	0.003980309132
20	133	3.261281083	0.003980309132
20	134	3.261281083	0.003980309133
20	135	3.261281083	0.003980309133
20	136	3.261281084	0.003980309134
20	137	3.261281084	0.003980309134
20	138	3.261281084	0.003980309134
20	139	3.261281085	0.003980309134
20	140	3.261281085	0.003980309135
20	141	3.261281085	0.003980309135
20	142	3.261281085	0.003980309135
20	143	3.261281085	0.003980309135
20	144	3.261281085	0.003980309135
20	145	3.261281086	0.003980309135
20	146	3.261281086	0.003980309135
20	147	3.261281086	0.003980309135
20	148	3.261281086	0.003980309135
20	149	3.261281086	0.003980309135
20	150	3.261281085	0.003980309135
20	151	3.261281085	0.003980309134
20	152	3.261281085	0.003980309134
20	153	3.261281085	0.003980309134
20	154	3.261281085	0.003980309133
20	155	3.261281084	0.003980309133
20	156	3.261281084	0.003980309132
20	157	3.261281084	0.003980309132
20	158	3.261281083	0.003980309131
20	159	3.261281083	0.003980309131
20	160	3.261281082	0.00398030913
20	161	3.261281082	0.00398030913
20	162	3.261281081	0.003980309129
20	163	3.261281081	0.003980309128
20	164	3.26128108	0.003980309128
20	165	3.26128108	0.003980309127
20	166	3.261281079	0.003980309126
20	167	3.261281078	0.003980309125
20	168	3.261281078	0.003980309124
20	169	3.261281077	0.003980309123
20	170	3.261281076	0.003980309122
20	171	3.261281075	0.003980309121
20	172	3.261281074	0.00398030912
20	173	3.261281073	0.003980309119
20	174	3.261281073	0.003980309118
20	175	3.261281072	0.003980309117
20	176	3.261281071	0.003980309116
20	177	3.26128107	0.003980309115
20	178	3.261281069	0.003980309113
20	179	3.261281068	0.003980309112
20	180	3.261281067	0.003980309111
20	181	3.261281065	0.003980309109
20	182	3.261281064	0.003980309108
20	183	3.261281063	0.003980309107
20	184	3.261281062	0.003980309105
20	185	3.261281061	0.003980309104
20	186	3.26128106	0.003980309103
20	187	3.261281058	0.003980309101
20	188	3.261281057	0.0039803091
20	189	3.261281056	0.003980309098
20	190	3.261281055	0.003980309097
20	191	3.261281053	0.003980309095
20	192	3.261281052	0.003980309094
20	193	3.261281051	0.003980309092
20	194	3.261281049	0.00398030909
20	195	3.261281048	0.003980309089
20	196	3.261281046	0.003980309087
20	197	3.261281045	0.003980309086
20	198	3.261281044	0.003980309084
20	199	3.261281042	0.003980309082
20	200	3.261281041	0.003980309081
20	201	3.261281039	0.003980309079
20	202	3.261281038	0.003980309077
20	203	3.261281036	0.003980309076
20	204	3.261281035	0.003980309074
20	205	3.261281033	0.003980309072
20	206	3.261281032	0.003980309071
20	207	3.26128103	0.003980309069
20	208	3.261281029	0.003980309067
20	209	3.261281027	0.003980309065
20	210	3.261281026	0.003980309064
20	211	3.261281024	0.003980309062
20	212	3.261281023	0.00398030906
20	213	3.261281021	0.003980309059
20	214	3.26128102	0.003980309057
20	215	3.261281018	0.003980309055
20	216	3.261281017	0.003980309054
20	217	3.261281016	0.003980309052
20	218	3.261281014	0.003980309051
20	219	3.261281013	0.003980309049
20	220	3.261281011	0.003980309047
20	221	3.26128101	0.003980309046
20	222	3.261281008	0.003980309044
20	223	3.261281007	0.003980309043
20	224	3.261281005	0.003980309041
20	225	3.261281004	0.00398030904
20	226	3.261281003	0.003980309038
20	227	3.261281001	0.003980309037
20	228	3.261281	0.003980309036
20	229	3.261280999	0.003980309034
20	230	3.261280998	0.003980309033
20	231	3.261280996	0.003980309032
20	232	3.261280995	0.00398030903
20	233	3.261280994	0.003980309029
20	234	3.261280993	0.003980309028
20	235	3.261280992	0.003980309027
20	236	3.261280991	0.003980309026
20	237	3.26128099	0.003980309025
20	238	3.261280989	0.003980309024
20	239	3.261280988	0.003980309023
20	240	3.261280987	0.003980309022
20	241	3.261280986	0.003980309021
20	242	3.261280986	0.00398030902
20	243	3.261280985	0.00398030902
20	244	3.261280984	0.003980309019
20	245	3.261280984	0.003980309018
20	246	3.261280983	0.003980309018
20	247	3.261280983	0.003980309017
20	248	3.261280982	0.003980309017
20	249	3.261280982	0.003980309016
20	250	3.261280981	0.003980309016
20	251	3.261280981	0.003980309016
20	252	3.261280981	0.003980309015
20	253	3.261280981	0.003980309015
20	254	3.26128098	0.003980309015
20	255	3.26128098	0.003980309015

30	0	3.261259636	0.003980281937
30	1	3.261259636	0.003980281937
30	2	3.261259636	0.003980281938
30	3	3.261259636	0.00398028194
30	4	3.261259637	0.003980281942
30	5	3.261259637	0.003980281944
30	6	3.261259637	0.003980281948
30	7	3.261259637	0.003980281951
30	8	3.261259638	0.003980281955
30	9	3.261259638	0.00398028196
30	10	3.261259639	0.003980281965
30	11	3.261259639	0.00398028197
30	12	3.26125964	0.003980281976
30	13	3.26125964	0.003980281983
30	14	3.261259641	0.00398028199
30	15	3.261259642	0.003980281997
30	16	3.261259642	0.003980282004
30	17	3.261259643	0.003980282012
30	18	3.261259644	0.003980282021
30	19	3.261259644	0.003980282029
30	20	3.261259645	0.003980282038
30	21	3.261259646	0.003980282047
30	22	3.261259646	0.003980282057
30	23	3.261259647	0.003980282067
30	24	3.261259648	0.003980282077
30	25	3.261259648	0.003980282087
30	26	3.261259649	0.003980282097
30	27	3.26125965	0.003980282108
30	28	3.261259651	0.003980282118
30	29	3.261259651	0.003980282129
30	30	3.261259652	0.00398028214
30	31	3.261259652	0.003980282151
30	32	3.261259653	0.003980282162
30	33	3.261259654	0.003980282173
30	34	3.261259654	0.003980282184
30	35	3.261259655	0.003980282195
30	36	3.261259655	0.003980282206
30	37	3.261259656	0.003980282217
30	38	3.261259656	0.003980282228
30	39	3.261259656	0.003980282239
30	40	3.261259657	0.00398028225
30	41	3.261259657	0.003980282261
30	42	3.261259657	0.003980282271
30	43	3.261259658	0.003980282282
30	44	3.261259658	0.003980282292
30	45	3.261259658	0.003980282302
30	46	3.261259658	0.003980282312
30	47	3.261259658	0.003980282322
30	48	3.261259658	0.003980282332
30	49	3.261259658	0.003980282341
30	50	3.261259658	0.003980282351
30	51	3.261259658	0.00398028236
30	52	3.261259658	0.003980282369
30	53	3.261259658	0.003980282378
30	54	3.261259658	0.003980282386
30	55	3.261259658	0.003980282394
30	56	3.261259658	0.003980282402
30	57	3.261259658	0.00398028241
30	58	3.261259657	0.003980282418
30	59	3.261259657	0.003980282425
30	60	3.261259657	0.003980282432
30	61	3.261259657	0.003980282439
30	62	3.261259656	0.003980282446
30	63	3.261259656	0.003980282452
30	64	3.261259656	0.003980282458
30	65	3.261259655	0.003980282464
30	66	3.261259655	0.00398028247
30	67	3.261259655	0.003980282476
30	68	3.261259654	0.003980282481
30	69	3.261259654	0.003980282486
30	70	3.261259654	0.003980282491
30	71	3.261259653	0.003980282496
30	72	3.261259653	0.0039802825
30	73	3.261259653	0.003980282504
30	74	3.261259652	0.003980282509
30	75	3.261259652	0.003980282512
30	76	3.261259651	0.003980282516
30	77	3.261259651	0.00398028252
30	78	3.261259651	0.003980282523
30	79	3.26125965	0.003980282526
30	80	3.26125965	0.003980282529
30	81	3.26125965	0.003980282532
30	82	3.261259649	0.003980282535
30	83	3.261259649	0.003980282538
30	84	3.261259649	0.00398028254
30	85	3.261259648	0.003980282542
30	86	3.261259648	0.003980282545
30	87	3.261259648	0.003980282547
30	88	3.261259647	0.003980282549
30	89	3.261259647	0.00398028255
30	90	3.261259647	0.003980282552
30	91	3.261259647	0.003980282554
30	92	3.261259646	0.003980282555
30	93	3.261259646	0.003980282557
30	94	3.261259646	0.003980282558
30	95	3.261259646	0.003980282559
30	96	3.261259645	0.003980282561
30	97	3.261259645	0.003980282562
30	98	3.261259645	0.003980282563
30	99	3.261259645	0.003980282564
30	100	3.261259645	0.003980282565
30	101	3.261259644	0.003980282566
30	102	3.261259644	0.003980282566
30	103	3.261259644	0.003980282567
30	104	3.261259644	0.003980282568
30	105	3.261259644	0.003980282568
30	106	3.261259644	0.003980282569
30	107	3.261259643	0.00398028257
30	108	3.261259643	0.00398028257
30	109	3.261259643	0.003980282571
30	110	3.261259643	0.003980282571
30	111	3.261259643	0.003980282571
30	112	3.261259643	0.003980282572
30	113	3.261259643	0.003980282572
30	114	3.261259643	0.003980282572
30	115	3.261259643	0.003980282573
30	116	3.261259642	0.003980282573
30	117	3.261259642	0.003980282573
30	118	3.261259642	0.003980282574
30	119	3.261259642	0.003980282574
30	120	3.261259642	0.003980282574
30	121	3.261259642	0.003980282574
30	122	3.261259642	0.003980282574
30	123	3.261259642	0.003980282574
30	124	3.261259642	0.003980282575
30	125	3.261259642	0.003980282575
30	126	3.261259642	0.003980282575
30	127	3.261259642	0.003980282575
30	128	3.261259642	0.003980282575
30	129	3.261259642	0.003980282575
30	130	3.261259642	0.003980282575
30	131	3.261259642	0.003980282575
30	132	3.261259642	0.003980282575
30	133	3.261259642	0.003980282575
30	134	3.261259642	0.003980282575
30	135	3.261259642	0.003980282575
30	136	3.261259642	0.003980282576
30	137	3.261259642	0.003980282576
30	138	3.261259642	0.003980282576
30	139	3.261259641	0.003980282576
30	140	3.261259641	0.003980282576
30	141	3.261259641	0.003980282576
30	142	3.261259641	0.003980282576
30	143	3.261259641	0.003980282576
30	144	3.261259641	0.003980282576
30	145	3.261259641	0.003980282576
30	146	3.261259641	0.003980282576
30	147	3.261259641	0.003980282576
30	148	3.261259641	0.003980282576
30	149	3.261259641	0.003980282576
30	150	3.261259641	0.003980282576
30	151	3.261259641	0.003980282576
30	152	3.261259641	0.003980282576
30	153	3.261259641	0.003980282576
30	154	3.261259641	0.003980282576
30	155	3.261259641	0.003980282576
30	156	3.261259641	0.003980282576
30	157	3.261259641	0.003980282576
30	158	3.261259641	0.003980282576
30	159	3.261259641	0.003980282576
30	160	3.261259641	0.003980282576
30	161	3.261259641	0.003980282576
30	162	3.261259641	0.003980282576
30	163	3.261259641	0.003980282576
30	164	3.261259641	0.003980282576
30	165	3.261259641	0.003980282576
30	166	3.261259641	0.003980282576
30	167	3.261259641	0.003980282576
30	168	3.261259641	0.003980282576
30	169	3.261259641	0.003980282576
30	170	3.261259641	0.003980282576
30	171	3.261259641	0.003980282576
30	172	3.261259641	0.003980282576
30	173	3.261259641	0.003980282576
30	174	3.261259641	0.003980282576
30	175	3.261259641	0.003980282576
30	176	3.261259641	0.003980282576
30	177	3.261259641	0.003980282576
30	178	3.261259641	0.003980282576
30	179	3.261259641	0.003980282576
30	180	3.261259641	0.003980282576
30	181	3.261259641	0.003980282576
30	182	3.261259641	0.003980282576
30	183	3.261259641	0.003980282576
30	184	3.261259641	0.003980282576
30	185	3.261259641	0.003980282576
30	186	3.261259641	0.003980282576
30	187	3.261259641	0.003980282576
30	188	3.261259641	0.003980282576
30	189	3.261259641	0.003980282576
30	190	3.261259641	0.003980282576
30	191	3.261259641	0.003980282576
30	192	3.261259641	0.003980282576
30	193	3.261259641	0.003980282576
30	194	3.261259641	0.003980282576
30	195	3.261259641	0.003980282576
30	196	3.261259641	0.003980282576
30	197	3.261259641	0.003980282576
30	198	3.261259641	0.003980282576
30	199	3.261259641	0.003980282576
30	200	3.261259641	0.003980282576
30	201	3.261259641	0.003980282576
30	202	3.261259641	0.003980282576
30	203	3.261259641	0.003980282576
30	204	3.261259641	0.003980282576
30	205	3.261259641	0.003980282576
30	206	3.261259641	0.003980282576
30	207	3.261259641	0.003980282576
30	208	3.261259641	0.003980282576
30	209	3.261259641	0.003980282576
30	210	3.261259641	0.003980282576
30	211	3.261259641	0.003980282576
30	212	3.261259641	0.003980282576
30	213	3.261259641	0.003980282576
30	214	3.261259641	0.003980282576
30	215	3.261259641	0.003980282576
30	216	3.261259641	0.003980282576
30	217	3.261259641	0.003980282576
30	218	3.261259641	0.003980282576
30	219	3.261259641	0.003980282576
30	220	3.261259641	0.003980282576
30	221	3.261259641	0.003980282576
30	222	3.261259641	0.003980282576
30	223	3.261259641	0.003980282576
30	224	3.261259641	0.003980282576
30	225	3.261259641	0.003980282576
30	226	3.261259641	0.003980282576
30	227	3.261259641	0.003980282576
30	228	3.261259641	0.003980282576
30	229	3.261259641	0.003980282576
30	230	3.261259641	0.003980282576
30	231	3.261259641	0.003980282576
30	232	3.261259641	0.003980282576
30	233	3.261259641	0.003980282576
30	234	3.261259641	0.003980282576
30	235	3.261259641	0.003980282576
30	236	3.261259641	0.003980282576
30	237	3.261259641	0.003980282576
30	238	3.261259641	0.003980282576
30	239	3.261259641	0.003980282576
30	240	3.261259641	0.003980282576
30	241	3.261259641	0.003980282576
30	242	3.261259641	0.003980282576
30	243	3.261259641	0.003980282576
30	244	3.261259641	0.003980282576
30	245	3.261259641	0.003980282576
30	246	3.261259641	0.003980282576
30	247	3.261259641	0.003980282576
30	248	3.261259641	0.003980282576
30	249	3.261259641	0.003980282576
30	250	3.261259641	0.003980282576
30	251	3.261259641	0.003980282576
30	252	3.261259641	0.003980282576
30	253	3.261259641	0.003980282576
30	254	3.261259641	0.003980282576
30	255	3.261259641	0.003980282576

40	0	3.261259605	0.003980281898
40	1	3.261259605	0.003980281898
40	2	3.261259605	0.003980281899
40	3	3.261259605	0.003980281901
40	4	3.261259605	0.003980281903
40	5	3.261259606	0.003980281906
40	6	3.261259606	0.003980281909
40	7	3.261259606	0.003980281912
40	8	3.261259607	0.003980281917
40	9	3.261259607	0.003980281921
40	10	3.261259607	0.003980281926
40	11	3.261259608	0.003980281932
40	12	3.261259609	0.003980281938
40	13	3.261259609	0.003980281944
40	14	3.26125961	0.003980281951
40	15	3.26125961	0.003980281958
40	16	3.261259611	0.003980281966
40	17	3.261259612	0.003980281974
40	18	3.261259612	0.003980281982
40	19	3.261259613	0.003980281991
40	20	3.261259614	0.003980281999
40	21	3.261259614	0.003980282009
40	22	3.261259615	0.003980282018
40	23	3.261259616	0.003980282028
40	24	3.261259617	0.003980282038
40	25	3.261259617	0.003980282048
40	26	3.261259618	0.003980282058
40	27	3.261259619	0.003980282069
40	28	3.261259619	0.003980282079
40	29	3.26125962	0.00398028209
40	30	3.261259621	0.003980282101
40	31	3.261259621	0.003980282112
40	32	3.261259622	0.003980282123
40	33	3.261259622	0.003980282134
40	34	3.261259623	0.003980282145
40	35	3.261259623	0.003980282156
40	36	3.261259624	0.003980282167
40	37	3.261259624	0.003980282178
40	38	3.261259625	0.003980282189
40	39	3.261259625	0.0039802822
40	40	3.261259625	0.003980282211
40	41	3.261259626	0.003980282222
40	42	3.261259626	0.003980282232
40	43	3.261259626	0.003980282243
40	44	3.261259626	0.003980282253
40	45	3.261259627	0.003980282264
40	46	3.261259627	0.003980282274
40	47	3.261259627	0.003980282283
40	48	3.261259627	0.003980282293
40	49	3.261259627	0.003980282303
40	50	3.261259627	0.003980282312
40	51	3.261259627	0.003980282321
40	52	3.261259627	0.00398028233
40	53	3.261259627	0.003980282339
40	54	3.261259627	0.003980282347
40	55	3.261259627	0.003980282355
40	56	3.261259626	0.003980282364
40	57	3.261259626	0.003980282371
40	58	3.261259626	0.003980282379
40	59	3.261259626	0.003980282386
40	60	3.261259626	0.003980282393
40	61	3.261259625	0.0039802824
40	62	3.261259625	0.003980282407
40	63	3.261259625	0.003980282413
40	64	3.261259624	0.00398028242
40	65	3.261259624	0.003980282426
40	66	3.261259624	0.003980282431
40	67	3.261259623	0.003980282437
40	68	3.261259623	0.003980282442
40	69	3.261259623	0.003980282447
40	70	3.261259622	0.003980282452
40	71	3.261259622	0.003980282457
40	72	3.261259622	0.003980282461
40	73	3.261259621	0.003980282466
40	74	3.261259621	0.00398028247
40	75	3.26125962	0.003980282474
40	76	3.26125962	0.003980282477
40	77	3.26125962	0.003980282481
40	78	3.261259619	0.003980282484
40	79	3.261259619	0.003980282487
40	80	3.261259619	0.00398028249
40	81	3.261259618	0.003980282493
40	82	3.261259618	0.003980282496
40	83	3.261259618	0.003980282499
40	84	3.261259617	0.003980282501
40	85	3.261259617	0.003980282503
40	86	3.261259617	0.003980282506
40	87	3.261259616	0.003980282508
40	88	3.261259616	0.00398028251
40	89	3.261259616	0.003980282512
40	90	3.261259616	0.003980282513
40	91	3.261259615	0.003980282515
40	92	3.261259615	0.003980282516
40	93	3.261259615	0.003980282518
40	94	3.261259614	0.003980282519
40	95	3.261259614	0.003980282521
40	96	3.261259614	0.003980282522
40	97	3.261259614	0.003980282523
40	98	3.261259614	0.003980282524
40	99	3.261259613	0.003980282525
40	100	3.261259613	0.003980282526
40	101	3.261259613	0.003980282527
40	102	3.261259613	0.003980282527
40	103	3.261259613	0.003980282528
40	104	3.261259612	0.003980282529
40	105	3.261259612	0.003980282529
40	106	3.261259612	0.00398028253
40	107	3.261259612	0.003980282531
40	108	3.261259612	0.003980282531
40	109	3.261259612	0.003980282532
40	110	3.261259612	0.003980282532
40	111	3.261259612	0.003980282532
40	112	3.261259611	0.003980282533
40	113	3.261259611	0.003980282533
40	114	3.261259611	0.003980282533
40	115	3.261259611	0.003980282534
40	116	3.261259611	0.003980282534
40	117	3.261259611	0.003980282534
40	118	3.261259611	0.003980282535
40	119	3.261259611	0.003980282535
40	120	3.261259611	0.003980282535
40	121	3.261259611	0.003980282535
40	122	3.261259611	0.003980282535
40	123	3.261259611	0.003980282535
40	124	3.26125961	0.003980282536
40	125	3.26125961	0.003980282536
40	126	3.26125961	0.003980282536
40	127	3.26125961	0.003980282536
40	128	3.26125961	0.003980282536
40	129	3.26125961	0.003980282536
40	130	3.26125961	0.003980282536
40	131	3.26125961	0.003980282536
40	132	3.26125961	0.003980282536
40	133	3.26125961	0.003980282536
40	134	3.26125961	0.003980282536
40	135	3.26125961	0.003980282536
40	136	3.26125961	0.003980282537
40	137	3.26125961	0.003980282537
40	138	3.26125961	0.003980282537
40	139	3.26125961	0.003980282537
40	140	3.26125961	0.003980282537
40	141	3.26125961	0.003980282537
40	142	3.26125961	0.003980282537
40	143	3.26125961	0.003980282537
40	144	3.26125961	0.003980282537
40	145	3.26125961	0.003980282537
40	146	3.26125961	0.003980282537
40	147	3.26125961	0.003980282537
40	148	3.26125961	0.003980282537
40	149	3.26125961	0.003980282537
40	150	3.26125961	0.003980282537
40	151	3.26125961	0.003980282537
40	152	3.26125961	0.003980282537
40	153	3.26125961	0.003980282537
40	154	3.26125961	0.003980282537
40	155	3.26125961	0.003980282537
40	156	3.26125961	0.003980282537
40	157	3.26125961	0.003980282537
40	158	3.26125961	0.003980282537
40	159	3.26125961	0.003980282537
40	160	3.26125961	0.003980282537
40	161	3.26125961	0.003980282537
40	162	3.26125961	0.003980282537
40	163	3.26125961	0.003980282537
40	164	3.26125961	0.003980282537
40	165	3.26125961	0.003980282537
40	166	3.26125961	0.003980282537
40	167	3.26125961	0.003980282537
40	168	3.26125961	0.003980282537
40	169	3.26125961	0.003980282537
40	170	3.26125961	0.003980282537
40	171	3.26125961	0.003980282537
40	172	3.26125961	0.003980282537
40	173	3.26125961	0.003980282537
40	174	3.26125961	0.003980282537
40	175	3.26125961	0.003980282537
40	176	3.26125961	0.003980282537
40	177	3.26125961	0.003980282537
40	178	3.26125961	0.003980282537
40	179	3.26125961	0.003980282537
40	180	3.26125961	0.003980282537
40	181	3.26125961	0.003980282537
40	182	3.26125961	0.003980282537
40	183	3.26125961	0.003980282537
40	184	3.26125961	0.003980282537
40	185	3.26125961	0.003980282537
40	186	3.26125961	0.003980282537
40	187	3.26125961	0.003980282537
40	188	3.26125961	0.003980282537
40	189	3.26125961	0.003980282537
40	190	3.26125961	0.003980282537
40	191	3.26125961	0.003980282537
40	192	3.26125961	0.003980282537
40	193	3.26125961	0.003980282537
40	194	3.26125961	0.003980282537
40	195	3.26125961	0.003980282537
40	196	3.26125961	0.003980282537
40	197	3.26125961	0.003980282537
40	198	3.26125961	0.003980282537
40	199	3.26125961	0.003980282537
40	200	3.26125961	0.003980282537
40	201	3.26125961	0.003980282537
40	202	3.26125961	0.003980282537
40	203	3.26125961	0.003980282537
40	204	3.26125961	0.003980282537
40	205	3.26125961	0.003980282537
40	206	3.26125961	0.003980282537
40	207	3.26125961	0.003980282537
40	208	3.26125961	0.003980282537
40	209	3.26125961	0.003980282537
40	210	3.26125961	0.003980282537
40	211	3.26125961	0.003980282537
40	212	3.26125961	0.003980282537
40	213	3.26125961	0.003980282537
40	214	3.26125961	0.003980282537
40	215	3.26125961	0.003980282537
40	216	3.26125961	0.003980282537
40	217	3.26125961	0.003980282537
40	218	3.26125961	0.003980282537
40	219	3.26125961	0.003980282537
40	220	3.26125961	0.003980282537
40	221	3.26125961	0.003980282537
40	222	3.26125961	0.003980282537
40	223	3.26125961	0.003980282537
40	224	3.26125961	0.003980282537
40	225	3.26125961	0.003980282537
40	226	3.26125961	0.003980282537
40	227	3.26125961	0.003980282537
40	228	3.26125961	0.003980282537
40	229	3.26125961	0.003980282537
40	230	3.26125961	0.003980282537
40	231	3.26125961	0.003980282537
40	232	3.26125961	0.003980282537
40	233	3.26125961	0.003980282537
40	234	3.26125961	0.003980282537
40	235	3.26125961	0.003980282537
40	236	3.26125961	0.003980282537
40	237	3.26125961	0.003980282537
40	238	3.26125961	0.003980282537
40	239	3.26125961	0.003980282537
40	240	3.26125961	0.003980282537
40	241	3.26125961	0.003980282537
40	242	3.26125961	0.003980282537
40	243	3.26125961	0.003980282537
40	244	3.26125961	0.003980282537
40	245	3.26125961	0.003980282537
40	246	3.26125961	0.003980282537
40	247	3.26125961	0.003980282537
40	248	3.26125961	0.003980282537
40	249	3.26125961	0.003980282537
40	250	3.26125961	0.003980282537
40	251	3.26125961	0.003980282537
40	252	3.26125961	0.003980282537
40	253	3.26125961	0.003980282537
40	254	3.26125961	0.003980282537
40	255	3.26125961	0.003980282537

50	0	3.261259605	0.003980281898
50	1	3.261259605	0.003980281898
50	2	3.261259605	0.003980281899
50	3	3.261259605	0.003980281901
50	4	3.261259605	0.003980281903
50	5	3.261259606	0.003980281906
50	6	3.261259606	0.003980281909
50	7	3.261259606	0.003980281912
50	8	3.261259607	0.003980281917
50	9	3.261259607	0.003980281921
50	10	3.261259607	0.003980281926
50	11	3.261259608	0.003980281932
50	12	3.261259608	0.003980281938
50	13	3.261259609	0.003980281944
50	14	3.26125961	0.003980281951
50	15	3.26125961	0.003980281958
50	16	3.261259611	0.003980281966
50	17	3.261259612	0.003980281974
50	18	3.261259612	0.003980281982
50	19	3.261259613	0.00398028199
50	20	3.261259614	0.003980281999
50	21	3.261259614	0.003980282009
50	22	3.261259615	0.003980282018
50	23	3.261259616	0.003980282028
50	24	3.261259616	0.003980282038
50	25	3.261259617	0.003980282048
50	26	3.261259618	0.003980282058
50	27	3.261259619	0.003980282069
50	28	3.261259619	0.003980282079
50	29	3.26125962	0.00398028209
50	30	3.261259621	0.003980282101
50	31	3.261259621	0.003980282112
50	32	3.261259622	0.003980282123
50	33	3.261259622	0.003980282134
50	34	3.261259623	0.003980282145
50	35	3.261259623	0.003980282156
50	36	3.261259624	0.003980282167
50	37	3.261259624	0.003980282178
50	38	3.261259625	0.003980282189
50	39	3.261259625	0.0039802822
50	40	3.261259625	0.003980282211
50	41	3.261259626	0.003980282222
50	42	3.261259626	0.003980282232
50	43	3.261259626	0.003980282243
50	44	3.261259626	0.003980282253
50	45	3.261259627	0.003980282263
50	46	3.261259627	0.003980282274
50	47	3.261259627	0.003980282283
50	48	3.261259627	0.003980282293
50	49	3.261259627	0.003980282303
50	50	3.261259627	0.003980282312
50	51	3.261259627	0.003980282321
50	52	3.261259627	0.00398028233
50	53	3.261259627	0.003980282339
50	54	3.261259627	0.003980282347
50	55	3.261259627	0.003980282355
50	56	3.261259626	0.003980282363
50	57	3.261259626	0.003980282371
50	58	3.261259626	0.003980282379
50	59	3.261259626	0.003980282386
50	60	3.261259625	0.003980282393
50	61	3.261259625	0.0039802824
50	62	3.261259625	0.003980282407
50	63	3.261259625	0.003980282413
50	64	3.261259624	0.00398028242
50	65	3.261259624	0.003980282425
50	66	3.261259624	0.003980282431
50	67	3.261259623	0.003980282437
50	68	3.261259623	0.003980282442
50	69	3.261259623	0.003980282447
50	70	3.261259622	0.003980282452
50	71	3.261259622	0.003980282457
50	72	3.261259622	0.003980282461
50	73	3.261259621	0.003980282466
50	74	3.261259621	0.00398028247
50	75	3.26125962	0.003980282473
50	76	3.26125962	0.003980282477
50	77	3.26125962	0.003980282481
50	78	3.261259619	0.003980282484
50	79	3.261259619	0.003980282487
50	80	3.261259619	0.00398028249
50	81	3.261259618	0.003980282493
50	82	3.261259618	0.003980282496
50	83	3.261259618	0.003980282499
50	84	3.261259617	0.003980282501
50	85	3.261259617	0.003980282503
50	86	3.261259617	0.003980282506
50	87	3.261259616	0.003980282508
50	88	3.261259616	0.00398028251
50	89	3.261259616	0.003980282512
50	90	3.261259615	0.003980282513
50	91	3.261259615	0.003980282515
50	92	3.261259615	0.003980282516
50	93	3.261259615	0.003980282518
50	94	3.261259614	0.003980282519
50	95	3.261259614	0.00398028252
50	96	3.261259614	0.003980282522
50	97	3.261259614	0.003980282523
50	98	3.261259614	0.003980282524
50	99	3.261259613	0.003980282525
50	100	3.261259613	0.003980282526
50	101	3.261259613	0.003980282527
50	102	3.261259613	0.003980282527
50	103	3.261259613	0.003980282528
50	104	3.261259612	0.003980282529
50	105	3.261259612	0.003980282529
50	106	3.261259612	0.00398028253
50	107	3.261259612	0.003980282531
50	108	3.261259612	0.003980282531
50	109	3.261259612	0.003980282532
50	110	3.261259612	0.003980282532
50	111	3.261259611	0.003980282532
50	112	3.261259611	0.003980282533
50	113	3.261259611	0.003980282533
50	114	3.261259611	0.003980282533
50	115	3.261259611	0.003980282534
50	116	3.261259611	0.003980282534
50	117	3.261259611	0.003980282534
50	118	3.261259611	0.003980282534
50	119	3.261259611	0.003980282535
50	120	3.261259611	0.003980282535
50	121	3.261259611	0.003980282535
50	122	3.261259611	0.003980282535
50	123	3.26125961	0.003980282535
50	124	3.26125961	0.003980282536
50	125	3.26125961	0.003980282536
50	126	3.26125961	0.003980282536
50	127	3.26125961	0.003980282536
50	128	3.26125961	0.003980282536
50	129	3.26125961	0.003980282536
50	130	3.26125961	0.003980282536
50	131	3.26125961	0.003980282536
50	132	3.26125961	0.003980282536
50	133	3.26125961	0.003980282536
50	134	3.26125961	0.003980282536
50	135	3.26125961	0.003980282536
50	136	3.26125961	0.003980282536
50	137	3.26125961	0.003980282536
50	138	3.26125961	0.003980282537
50	139	3.26125961	0.003980282537
50	140	3.26125961	0.003980282537
50	141	3.26125961	0.003980282537
50	142	3.26125961	0.003980282537
50	143	3.26125961	0.003980282537
50	144	3.26125961	0.003980282537
50	145	3.26125961	0.003980282537
50	146	3.26125961	0.003980282537
50	147	3.26125961	0.003980282537
50	148	3.26125961	0.003980282537
50	149	3.26125961	0.003980282537
50	150	3.26125961	0.003980282537
50	151	3.26125961	0.003980282537
50	152	3.26125961	0.003980282537
50	153	3.26125961	0.003980282537
50	154	3.26125961	0.003980282537
50	155	3.26125961	0.003980282537
50	156	3.26125961	0.003980282537
50	157	3.26125961	0.003980282537
50	158	3.26125961	0.003980282537
50	159	3.26125961	0.003980282537
50	160	3.26125961	0.003980282537
50	161	3.26125961	0.003980282537
50	162	3.26125961	0.003980282537
50	163	3.26125961	0.003980282537
50	164	3.26125961	0.003980282537
50	165	3.26125961	0.003980282537
50	166	3.26125961	0.003980282537
50	167	3.26125961	0.003980282537
50	168	3.26125961	0.003980282537
50	169	3.26125961	0.003980282537
50	170	3.26125961	0.003980282537
50	171	3.26125961	0.003980282537
50	172	3.26125961	0.003980282537
50	173	3.26125961	0.003980282537
50	174	3.26125961	0.003980282537
50	175	3.26125961	0.003980282537
50	176	3.26125961	0.003980282537
50	177	3.26125961	0.003980282537
50	178	3.26125961	0.003980282537
50	179	3.26125961	0.003980282537
50	180	3.26125961	0.003980282537
50	181	3.26125961	0.003980282537
50	182	3.26125961	0.003980282537
50	183	3.26125961	0.003980282537
50	184	3.26125961	0.003980282537
50	185	3.26125961	0.003980282537
50	186	3.26125961	0.003980282537
50	187	3.26125961	0.003980282537
50	188	3.26125961	0.003980282537
50	189	3.26125961	0.003980282537
50	190	3.26125961	0.003980282537
50	191	3.26125961	0.003980282537
50	192	3.26125961	0.003980282537
50	193	3.26125961	0.003980282537
50	194	3.26125961	0.003980282537
50	195	3.26125961	0.003980282537
50	196	3.26125961	0.003980282537
50	197	3.26125961	0.003980282537
50	198	3.26125961	0.003980282537
50	199	3.26125961	0.003980282537
50	200	3.26125961	0.003980282537
50	201	3.26125961	0.003980282537
50	202	3.26125961	0.003980282537
50	203	3.26125961	0.003980282537
50	204	3.26125961	0.003980282537
50	205	3.26125961	0.003980282537
50	206	3.26125961	0.003980282537
50	207	3.26125961	0.003980282537
50	208	3.26125961	0.003980282537
50	209	3.26125961	0.003980282537
50	210	3.26125961	0.003980282537
50	211	3.26125961	0.003980282537
50	212	3.26125961	0.003980282537
50	213	3.26125961	0.003980282537
50	214	3.26125961	0.003980282537
50	215	3.26125961	0.003980282537
50	216	3.26125961	0.003980282537
50	217	3.26125961	0.003980282537
50	218	3.26125961	0.003980282537
50	219	3.26125961	0.003980282537
50	220	3.26125961	0.003980282537
50	221	3.26125961	0.003980282537
50	222	3.26125961	0.003980282537
50	223	3.26125961	0.003980282537
50	224	3.26125961	0.003980282537
50	225	3.26125961	0.003980282537
50	226	3.26125961	0.003980282537
50	227	3.26125961	0.003980282537
50	228	3.26125961	0.003980282537
50	229	3.26125961	0.003980282537
50	230	3.26125961	0.003980282537
50	231	3.26125961	0.003980282537
50	232	3.26125961	0.003980282537
50	233	3.26125961	0.003980282537
50	234	3.26125961	0.003980282537
50	235	3.26125961	0.003980282537
50	236	3.26125961	0.003980282537
50	237	3.26125961	0.003980282537
50	238	3.26125961	0.003980282537
50	239	3.26125961	0.003980282537
50	240	3.26125961	0.003980282537
50	241	3.26125961	0.003980282537
50	242	3.26125961	0.003980282537
50	243	3.26125961	0.003980282537
50	244	3.26125961	0.003980282537
50	245	3.26125961	0.003980282537
50	246	3.26125961	0.003980282537
50	247	3.26125961	0.003980282537
50	248	3.26125961	0.003980282537
50	249	3.26125961	0.003980282537
50	250	3.26125961	0.003980282537
50	251	3.26125961	0.003980282537
50	252	3.26125961	0.003980282537
50	253	3.26125961	0.003980282537
50	254	3.26125961	0.003980282537
50	255	3.26125961	0.003980282537

60	0	3.261259605	0.003980281898
60	1	3.261259605	0.003980281898
60	2	3.261259605	0.003980281899
60	3	3.261259605	0.003980281901
60	4	3.261259605	0.003980281903
60	5	3.261259606	0.003980281906
60	6	3.261259606	0.003980281909
60	7	3.261259606	0.003980281912
60	8	3.261259607	0.003980281917
60	9	3.261259607	0.003980281921
60	10	3.261259607	0.003980281926
60	11	3.261259608	0.003980281932
60	12	3.261259608	0.003980281938
60	13	3.261259609	0.003980281944
60	14	3.26125961	0.003980281951
60	15	3.26125961	0.003980281958
60	16	3.261259611	0.003980281966
60	17	3.261259612	0.003980281974
60	18	3.261259612	0.003980281982
60	19	3.261259613	0.00398028199
60	20	3.261259614	0.003980281999
60	21	3.261259614	0.003980282009
60	22	3.261259615	0.003980282018
60	23	3.261259616	0.003980282028
60	24	3.261259616	0.003980282038
60	25	3.261259617	0.003980282048
60	26	3.261259618	0.003980282058
60	27	3.261259619	0.003980282069
60	28	3.261259619	0.003980282079
60	29	3.26125962	0.00398028209
60	30	3.261259621	0.003980282101
60	31	3.261259621	0.003980282112
60	32	3.261259622	0.003980282123
60	33	3.261259622	0.003980282134
60	34	3.261259623	0.003980282145
60	35	3.261259623	0.003980282156
60	36	3.261259624	0.003980282167
60	37	3.261259624	0.003980282178
60	38	3.261259625	0.003980282189
60	39	3.261259625	0.0039802822
60	40	3.261259625	0.003980282211
60	41	3.261259626	0.003980282222
60	42	3.261259626	0.003980282232
60	43	3.261259626	0.003980282243
60	44	3.261259626	0.003980282253
60	45	3.261259627	0.003980282263
60	46	3.261259627	0.003980282274
60	47	3.261259627	0.003980282283
60	48	3.261259627	0.003980282293
60	49	3.261259627	0.003980282303
60	50	3.261259627	0.003980282312
60	51	3.261259627	0.003980282321
60	52	3.261259627	0.00398028233
60	53	3.261259627	0.003980282339
60	54	3.261259627	0.003980282347
60	55	3.261259627	0.003980282355
60	56	3.261259626	0.003980282363
60	57	3.261259626	0.003980282371
60	58	3.261259626	0.003980282379
60	59	3.261259626	0.003980282386
60	60	3.261259625	0.003980282393
60	61	3.261259625	0.0039802824
60	62	3.261259625	0.003980282407
60	63	3.261259625	0.003980282413
60	64	3.261259624	0.00398028242
60	65	3.261259624	0.003980282425
60	66	3.261259624	0.003980282431
60	67	3.261259623	0.003980282437
60	68	3.261259623	0.003980282442
60	69	3.261259623	0.003980282447
60	70	3.261259622	0.003980282452
60	71	3.261259622	0.003980282457
60	72	3.261259622	0.003980282461
60	73	3.261259621	0.003980282466
60	74	3.261259621	0.00398028247
60	75	3.26125962	0.003980282473
60	76	3.26125962	0.003980282477
60	77	3.26125962	0.003980282481
60	78	3.261259619	0.003980282484
60	79	3.261259619	0.003980282487
60	80	3.261259619	0.00398028249
60	81	3.261259618	0.003980282493
60	82	3.261259618	0.003980282496
60	83	3.261259618	0.003980282499
60	84	3.261259617	0.003980282501
60	85	3.261259617	0.003980282503
60	86	3.261259617	0.003980282506
60	87	3.261259616	0.003980282508
60	88	3.261259616	0.00398028251
60	89	3.261259616	0.003980282512
60	90	3.261259615	0.003980282513
60	91	3.261259615	0.003980282515
60	92	3.261259615	0.003980282516
60	93	3.261259615	0.003980282518
60	94	3.261259614	0.003980282519
60	95	3.261259614	0.00398028252
60	96	3.261259614	0.003980282522
60	97	3.261259614	0.003980282523
60	98	3.261259614	0.003980282524
60	99	3.261259613	0.003980282525
60	100	3.261259613	0.003980282526
60	101	3.261259613	0.003980282527
60	102	3.261259613	0.003980282527
60	103	3.261259613	0.003980282528
60	104	3.261259612	0.003980282529
60	105	3.261259612	0.003980282529
60	106	3.261259612	0.00398028253
60	107	3.261259612	0.003980282531
60	108	3.261259612	0.003980282531
60	109	3.261259612	0.003980282532
60	110	3.261259612	0.003980282532
60	111	3.261259611	0.003980282532
60	112	3.261259611	0.003980282533
60	113	3.261259611	0.003980282533
60	114	3.261259611	0.003980282533
60	115	3.261259611	0.003980282534
60	116	3.261259611	0.003980282534
60	117	3.261259611	0.003980282534
60	118	3.261259611	0.003980282534
60	119	3.261259611	0.003980282535
60	120	3.261259611	0.003980282535
60	121	3.261259611	0.003980282535
60	122	3.261259611	0.003980282535
60	123	3.26125961	0.003980282535
60	124	3.26125961	0.003980282536
60	125	3.26125961	0.003980282536
60	126	3.26125961	0.003980282536
60	127	3.26125961	0.003980282536
60	128	3.26125961	0.003980282536
60	129	3.26125961	0.003980282536
60	130	3.26125961	0.003980282536
60	131	3.26125961	0.003980282536
60	132	3.26125961	0.003980282536
60	133	3.26125961	0.003980282536
60	134	3.26125961	0.003980282536
60	135	3.26125961	0.003980282536
60	136	3.26125961	0.003980282536
60	137	3.26125961	0.003980282536
60	138	3.26125961	0.003980282537
60	139	3.26125961	0.003980282537
60	140	3.26125961	0.003980282537
60	141	3.26125961	0.003980282537
60	142	3.26125961	0.003980282537
60	143	3.26125961	0.003980282537
60	144	3.26125961	0.003980282537
60	145	3.26125961	0.003980282537
60	146	3.26125961	0.003980282537
60	147	3.26125961	0.003980282537
60	148	3.26125961	0.003980282537
60	149	3.26125961	0.003980282537
60	150	3.26125961	0.003980282537
60	151	3.26125961	0.003980282537
60	152	3.26125961	0.003980282537
60	153	3.26125961	0.003980282537
60	154	3.26125961	0.003980282537
60	155	3.26125961	0.003980282537
60	156	3.26125961	0.003980282537
60	157	3.26125961	0.003980282537
60	158	3.26125961	0.003980282537
60	159	3.26125961	0.003980282537
60	160	3.26125961	0.003980282537
60	161	3.26125961	0.003980282537
60	162	3.26125961	0.003980282537
60	163	3.26125961	0.003980282537
60	164	3.26125961	0.003980282537
60	165	3.26125961	0.003980282537
60	166	3.26125961	0.003980282537
60	167	3.26125961	0.003980282537
60	168	3.26125961	0.003980282537
60	169	3.26125961	0.003980282537
60	170	3.26125961	0.003980282537
60	171	3.26125961	0.003980282537
60	172	3.26125961	0.003980282537
60	173	3.26125961	0.003980282537
60	174	3.26125961	0.003980282537
60	175	3.26125961	0.003980282537
60	176	3.26125961	0.003980282537
60	177	3.26125961	0.003980282537
60	178	3.26125961	0.003980282537
60	179	3.26125961	0.003980282537
60	180	3.26125961	0.003980282537
60	181	3.26125961	0.003980282537
60	182	3.26125961	0.003980282537
60	183	3.26125961	0.003980282537
60	184	3.26125961	0.003980282537
60	185	3.26125961	0.003980282537
60	186	3.26125961	0.003980282537
60	187	3.26125961	0.003980282537
60	188	3.26125961	0.003980282537
60	189	3.26125961	0.003980282537
60	190	3.26125961	0.003980282537
60	191	3.26125961	0.003980282537
60	192	3.26125961	0.003980282537
60	193	3.26125961	0.003980282537
60	194	3.26125961	0.003980282537
60	195	3.26125961	0.003980282537
60	196	3.26125961	0.003980282537
60	197	3.26125961	0.003980282537
60	198	3.26125961	0.003980282537
60	199	3.26125961	0.003980282537
60	200	3.26125961	0.003980282537
60	201	3.26125961	0.003980282537
60	202	3.26125961	0.003980282537
60	203	3.26125961	0.003980282537
60	204	3.26125961	0.003980282537
60	205	3.26125961	0.003980282537
60	206	3.26125961	0.003980282537
60	207	3.26125961	0.003980282537
60	208	3.26125961	0.003980282537
60	209	3.26125961	0.003980282537
60	210	3.26125961	0.003980282537
60	211	3.26125961	0.003980282537
60	212	3.26125961	0.003980282537
60	213	3.26125961	0.003980282537
60	214	3.26125961	0.003980282537
60	215	3.26125961	0.003980282537
60	216	3.26125961	0.003980282537
60	217	3.26125961	0.003980282537
60	218	3.26125961	0.003980282537
60	219	3.26125961	0.003980282537
60	220	3.26125961	0.003980282537
60	221	3.26125961	0.003980282537
60	222	3.26125961	0.003980282537
60	223	3.26125961	0.003980282537
60	224	3.26125961	0.003980282537
60	225	3.26125961	0.003980282537
60	226	3.26125961	0.003980282537
60	227	3.26125961	0.003980282537
60	228	3.26125961	0.003980282537
60	229	3.26125961	0.003980282537
60	230	3.26125961	0.003980282537
60	231	3.26125961	0.003980282537
60	232	3.26125961	0.003980282537
60	233	3.26125961	0.003980282537
60	234	3.26125961	0.003980282537
60	235	3.26125961	0.003980282537
60	236	3.26125961	0.003980282537
60	237	3.26125961	0.003980282537
60	238	3.26125961	0.003980282537
60	239	3.26125961	0.003980282537
60	240	3.26125961	0.003980282537
60	241	3.26125961	0.003980282537
60	242	3.26125961	0.003980282537
60	243	3.26125961	0.003980282537
60	244	3.26125961	0.003980282537
60	245	3.26125961	0.003980282537
60	246	3.26125961	0.003980282537
60	247	3.26125961	0.003980282537
60	248	3.26125961	0.003980282537
60	249	3.26125961	0.003980282537
60	250	3.26125961	0.003980282537
60	251	3.26125961	0.003980282537
60	252	3.26125961	0.003980282537
60	253	3.26125961	0.003980282537
60	254	3.26125961	0.003980282537
60	255	3.26125961	0.003980282537

70	0	3.261259605	0.003980281898
70	1	3.261259605	0.003980281898
70	2	3.261259605	0.003980281899
70	3	3.261259605	0.003980281901
70	4	3.261259605	0.003980281903
70	5	3.261259606	0.003980281906
70	6	3.261259606	0.003980281909
70	7	3.261259606	0.003980281912
70	8	3.261259607	0.003980281917
70	9	3.261259607	0.003980281921
70	10	3.261259607	0.003980281926
70	11	3.261259608	0.003980281932
70	12	3.261259608	0.003980281938
70	13	3.261259609	0.003980281944
70	14	3.26125961	0.003980281951
70	15	3.26125961	0.003980281958
70	16	3.261259611	0.003980281966
70	17	3.261259612	0.003980281974
70	18	3.261259612	0.003980281982
70	19	3.261259613	0.00398028199
70	20	3.261259614	0.003980281999
70	21	3.261259614	0.003980282009
70	22	3.261259615	0.003980282018
70	23	3.261259616	0.003980282028
70	24	3.261259616	0.003980282038
70	25	3.261259617	0.003980282048
70	26	3.261259618	0.003980282058
70	27	3.261259619	0.003980282069
70	28	3.261259619	0.003980282079
70	29	3.26125962	0.00398028209
70	30	3.261259621	0.003980282101
70	31	3.261259621	0.003980282112
70	32	3.261259622	0.003980282123
70	33	3.261259622	0.003980282134
70	34	3.261259623	0.003980282145
70	35	3.261259623	0.003980282156
70	36	3.261259624	0.003980282167
70	37	3.261259624	0.003980282178
70	38	3.261259625	0.003980282189
70	39	3.261259625	0.0039802822
70	40	3.261259625	0.003980282211
70	41	3.261259626	0.003980282222
70	42	3.261259626	0.003980282232
70	43	3.261259626	0.003980282243
70	44	3.261259626	0.003980282253
70	45	3.261259627	0.003980282263
70	46	3.261259627	0.003980282274
70	47	3.261259627	0.003980282283
70	48	3.261259627	0.003980282293
70	49	3.261259627	0.003980282303
70	50	3.261259627	0.003980282312
70	51	3.261259627	0.003980282321
70	52	3.261259627	0.00398028233
70	53	3.261259627	0.003980282339
70	54	3.261259627	0.003980282347
70	55	3.261259627	0.003980282355
70	56	3.261259626	0.003980282363
70	57	3.261259626	0.003980282371
70	58	3.261259626	0.003980282379
70	59	3.261259626	0.003980282386
70	60	3.261259625	0.003980282393
70	61	3.261259625	0.0039802824
70	62	3.261259625	0.003980282407
70	63	3.261259625	0.003980282413
70	64	3.261259624	0.00398028242
70	65	3.261259624	0.003980282425
70	66	3.261259624	0.003980282431
70	67	3.261259623	0.003980282437
70	68	3.261259623	0.003980282442
70	69	3.261259623	0.003980282447
70	70	3.261259622	0.003980282452
70	71	3.261259622	0.003980282457
70	72	3.261259622	0.003980282461
70	73	3.261259621	0.003980282466
70	74	3.261259621	0.00398028247
70	75	3.26125962	0.003980282473
70	76	3.26125962	0.003980282477
70	77	3.26125962	0.003980282481
70	78	3.261259619	0.003980282484
70	79	3.261259619	0.003980282487
70	80	3.261259619	0.00398028249
70	81	3.261259618	0.003980282493
70	82	3.261259618	0.003980282496
70	83	3.261259618	0.003980282499
70	84	3.261259617	0.003980282501
70	85	3.261259617	0.003980282503
70	86	3.261259617	0.003980282506
70	87	3.261259616	0.003980282508
70	88	3.261259616	0.00398028251
70	89	3.261259616	0.003980282512
70	90	3.261259615	0.003980282513
70	91	3.261259615	0.003980282515
70	92	3.261259615	0.003980282516
70	93	3.261259615	0.003980282518
70	94	3.261259614	0.003980282519
70	95	3.261259614	0.00398028252
70	96	3.261259614	0.003980282522
70	97	3.261259614	0.003980282523
70	98	3.261259614	0.003980282524
70	99	3.261259613	0.003980282525
70	100	3.261259613	0.003980282526
70	101	3.261259613	0.003980282527
70	102	3.261259613	0.003980282527
70	103	3.261259613	0.003980282528
70	104	3.261259612	0.003980282529
70	105	3.261259612	0.003980282529
70	106	3.261259612	0.00398028253
70	107	3.261259612	0.003980282531
70	108	3.261259612	0.003980282531
70	109	3.261259612	0.003980282532
70	110	3.261259612	0.003980282532
70	111	3.261259611	0.003980282532
70	112	3.261259611	0.003980282533
70	113	3.261259611	0.003980282533
70	114	3.261259611	0.003980282533
70	115	3.261259611	0.003980282534
70	116	3.261259611	0.003980282534
70	117	3.261259611	0.003980282534
70	118	3.261259611	0.003980282534
70	119	3.261259611	0.003980282535
70	120	3.261259611	0.003980282535
70	121	3.261259611	0.003980282535
70	122	3.261259611	0.003980282535
70	123	3.26125961	0.003980282535
70	124	3.26125961	0.003980282536
70	125	3.26125961	0.003980282536
70	126	3.26125961	0.003980282536
70	127	3.26125961	0.003980282536
70	128	3.26125961	0.003980282536
70	129	3.26125961	0.003980282536
70	130	3.26125961	0.003980282536
70	131	3.26125961	0.003980282536
70	132	3.26125961	0.003980282536
70	133	3.26125961	0.003980282536
70	134	3.26125961	0.003980282536
70	135	3.26125961	0.003980282536
70	136	3.26125961	0.003980282536
70	137	3.26125961	0.003980282536
70	138	3.26125961	0.003980282537
70	139	3.26125961	0.003980282537
70	140	3.26125961	0.003980282537
70	141	3.26125961	0.003980282537
70	142	3.26125961	0.003980282537
70	143	3.26125961	0.003980282537
70	144	3.26125961	0.003980282537
70	145	3.26125961	0.003980282537
70	146	3.26125961	0.003980282537
70	147	3.26125961	0.003980282537
70	148	3.26125961	0.003980282537
70	149	3.26125961	0.003980282537
70	150	3.26125961	0.003980282537
70	151	3.26125961	0.003980282537
70	152	3.26125961	0.003980282537
70	153	3.26125961	0.003980282537
70	154	3.26125961	0.003980282537
70	155	3.26125961	0.003980282537
70	156	3.26125961	0.003980282537
70	157	3.26125961	0.003980282537
70	158	3.26125961	0.003980282537
70	159	3.26125961	0.003980282537
70	160	3.26125961	0.003980282537
70	161	3.26125961	0.003980282537
70	162	3.26125961	0.003980282537
70	163	3.26125961	0.003980282537
70	164	3.26125961	0.003980282537
70	165	3.26125961	0.003980282537
70	166	3.26125961	0.003980282537
70	167	3.26125961	0.003980282537
70	168	3.26125961	0.003980282537
70	169	3.26125961	0.003980282537
70	170	3.26125961	0.003980282537
70	171	3.26125961	0.003980282537
70	172	3.26125961	0.003980282537
70	173	3.26125961	0.003980282537
70	174	3.26125961	0.003980282537
70	175	3.26125961	0.003980282537
70	176	3.26125961	0.003980282537
70	177	3.26125961	0.003980282537
70	178	3.26125961	0.003980282537
70	179	3.26125961	0.003980282537
70	180	3.26125961	0.003980282537
70	181	3.26125961	0.003980282537
70	182	3.26125961	0.003980282537
70	183	3.26125961	0.003980282537
70	184	3.26125961	0.003980282537
70	185	3.26125961	0.003980282537
70	186	3.26125961	0.003980282537
70	187	3.26125961	0.003980282537
70	188	3.26125961	0.003980282537
70	189	3.26125961	0.003980282537
70	190	3.26125961	0.003980282537
70	191	3.26125961	0.003980282537
70	192	3.26125961	0.003980282537
70	193	3.26125961	0.003980282537
70	194	3.26125961	0.003980282537
70	195	3.26125961	0.003980282537
70	196	3.26125961	0.003980282537
70	197	3.26125961	0.003980282537
70	198	3.26125961	0.003980282537
70	199	3.26125961	0.003980282537
70	200	3.26125961	0.003980282537
70	201	3.26125961	0.003980282537
70	202	3.26125961	0.003980282537
70	203	3.26125961	0.003980282537
70	204	3.26125961	0.003980282537
70	205	3.26125961	0.003980282537
70	206	3.26125961	0.003980282537
70	207	3.26125961	0.003980282537
70	208	3.26125961	0.003980282537
70	209	3.26125961	0.003980282537
70	210	3.26125961	0.003980282537
70	211	3.26125961	0.003980282537
70	212	3.26125961	0.003980282537
70	213	3.26125961	0.003980282537
70	214	3.26125961	0.003980282537
70	215	3.26125961	0.003980282537
70	216	3.26125961	0.003980282537
70	217	3.26125961	0.003980282537
70	218	3.26125961	0.003980282537
70	219	3.26125961	0.003980282537
70	220	3.26125961	0.003980282537
70	221	3.26125961	0.003980282537
70	222	3.26125961	0.003980282537
70	223	3.26125961	0.003980282537
70	224	3.26125961	0.003980282537
70	225	3.26125961	0.003980282537
70	226	3.26125961	0.003980282537
70	227	3.26125961	0.003980282537
70	228	3.26125961	0.003980282537
70	229	3.26125961	0.003980282537
70	230	3.26125961	0.003980282537
70	231	3.26125961	0.003980282537
70	232	3.26125961	0.003980282537
70	233	3.26125961	0.003980282537
70	234	3.26125961	0.003980282537
70	235	3.26125961	0.003980282537
70	236	3.26125961	0.003980282537
70	237	3.26125961	0.003980282537
70	238	3.26125961	0.003980282537
70	239	3.26125961	0.003980282537
70	240	3.26125961	0.003980282537
70	241	3.26125961	0.003980282537
70	242	3.26125961	0.003980282537
70	243	3.26125961	0.003980282537
70	244	3.26125961	0.003980282537
70	245	3.26125961	0.003980282537
70	246	3.26125961	0.003980282537
70	247	3.26125961	0.003980282537
70	248	3.26125961	0.003980282537
70	249	3.26125961	0.003980282537
70	250	3.26125961	0.003980282537
70	251	3.26125961	0.003980282537
70	252	3.26125961	0.003980282537
70	253	3.26125961	0.003980282537
70	254	3.26125961	0.003980282537
70	255	3.26125961	0.003980282537

80	0	3.261259605	0.003980281898
80	1	3.261259605	0.003980281898
80	2	3.261259605	0.003980281899
80	3	3.261259605	0.003980281901
80	4	3.261259605	0.003980281903
80	5	3.261259606	0.003980281906
80	6	3.261259606	0.003980281909
80	7	3.261259606	0.003980281912
80	8	3.261259607	0.003980281917
80	9	3.261259607	0.003980281921
80	10	3.261259607	0.003980281926
80	11	3.261259608	0.003980281932
80	12	3.261259608	0.003980281938
80	13	3.261259609	0.003980281944
80	14	3.26125961	0.003980281951
80	15	3.26125961	0.003980281958
80	16	3.261259611	0.003980281966
80	17	3.261259612	0.003980281974
80	18	3.261259612	0.003980281982
80	19	3.261259613	0.00398028199
80	20	3.261259614	0.003980281999
80	21	3.261259614	0.003980282009
80	22	3.261259615	0.003980282018
80	23	3.261259616	0.003980282028
80	24	3.261259616	0.003980282038
80	25	3.261259617	0.003980282048
80	26	3.261259618	0.003980282058
80	27	3.261259619	0.003980282069
80	28	3.261259619	0.003980282079
80	29	3.26125962	0.00398028209
80	30	3.261259621	0.003980282101
80	31	3.261259621	0.003980282112
80	32	3.261259622	0.003980282123
80	33	3.261259622	0.003980282134
80	34	3.261259623	0.003980282145
80	35	3.261259623	0.003980282156
80	36	3.261259624	0.003980282167
80	37	3.261259624	0.003980282178
80	38	3.261259625	0.003980282189
80	39	3.261259625	0.0039802822
80	40	3.261259625	0.003980282211
80	41	3.261259626	0.003980282222
80	42	3.261259626	0.003980282232
80	43	3.261259626	0.003980282243
80	44	3.261259626	0.003980282253
80	45	3.261259627	0.003980282263
80	46	3.261259627	0.003980282274
80	47	3.261259627	0.003980282283
80	48	3.261259627	0.003980282293
80	49	3.261259627	0.003980282303
80	50	3.261259627	0.003980282312
80	51	3.261259627	0.003980282321
80	52	3.261259627	0.00398028233
80	53	3.261259627	0.003980282339
80	54	3.261259627	0.003980282347
80	55	3.261259627	0.003980282355
80	56	3.261259626	0.003980282363
80	57	3.261259626	0.003980282371
80	58	3.261259626	0.003980282379
80	59	3.261259626	0.003980282386
80	60	3.261259625	0.003980282393
80	61	3.261259625	0.0039802824
80	62	3.261259625	0.003980282407
80	63	3.261259625	0.003980282413
80	64	3.261259624	0.00398028242
80	65	3.261259624	0.003980282425
80	66	3.261259624	0.003980282431
80	67	3.261259623	0.003980282437
80	68	3.261259623	0.003980282442
80	69	3.261259623	0.003980282447
80	70	3.261259622	0.003980282452
80	71	3.261259622	0.003980282457
80	72	3.261259622	0.003980282461
80	73	3.261259621	0.003980282466
80	74	3.261259621	0.00398028247
80	75	3.26125962	0.003980282473
80	76	3.26125962	0.003980282477
80	77	3.26125962	0.003980282481
80	78	3.261259619	0.003980282484
80	79	3.261259619	0.003980282487
80	80	3.261259619	0.00398028249
80	81	3.261259618	0.003980282493
80	82	3.261259618	0.003980282496
80	83	3.261259618	0.003980282499
80	84	3.261259617	0.003980282501
80	85	3.261259617	0.003980282503
80	86	3.261259617	0.003980282506
80	87	3.261259616	0.003980282508
80	88	3.261259616	0.00398028251
80	89	3.261259616	0.003980282512
80	90	3.261259615	0.003980282513
80	91	3.261259615	0.003980282515
80	92	3.261259615	0.003980282516
80	93	3.261259615	0.003980282518
80	94	3.261259614	0.003980282519
80	95	3.261259614	0.00398028252
80	96	3.261259614	0.003980282522
80	97	3.261259614	0.003980282523
80	98	3.261259614	0.003980282524
80	99	3.261259613	0.003980282525
80	100	3.261259613	0.003980282526
80	101	3.261259613	0.003980282527
80	102	3.261259613	0.003980282527
80	103	3.261259613	0.003980282528
80	104	3.261259612	0.003980282529
80	105	3.261259612	0.003980282529
80	106	3.261259612	0.00398028253
80	107	3.261259612	0.003980282531
80	108	3.261259612	0.003980282531
80	109	3.261259612	0.003980282532
80	110	3.261259612	0.003980282532
80	111	3.261259611	0.003980282532
80	112	3.261259611	0.003980282533
80	113	3.261259611	0.003980282533
80	114	3.261259611	0.003980282533
80	115	3.261259611	0.003980282534
80	116	3.261259611	0.003980282534
80	117	3.261259611	0.003980282534
80	118	3.261259611	0.003980282534
80	119	3.261259611	0.003980282535
80	120	3.261259611	0.003980282535
80	121	3.261259611	0.003980282535
80	122	3.261259611	0.003980282535
80	123	3.26125961	0.003980282535
80	124	3.26125961	0.003980282536
80	125	3.26125961	0.003980282536
80	126	3.26125961	0.003980282536
80	127	3.26125961	0.003980282536
80	128	3.26125961	0.003980282536
80	129	3.26125961	0.003980282536
80	130	3.26125961	0.003980282536
80	131	3.26125961	0.003980282536
80	132	3.26125961	0.003980282536
80	133	3.26125961	0.003980282536
80	134	3.26125961	0.003980282536
80	135	3.26125961	0.003980282536
80	136	3.26125961	0.003980282536
80	137	3.26125961	0.003980282536
80	138	3.26125961	0.003980282537
80	139	3.26125961	0.003980282537
80	140	3.26125961	0.003980282537
80	141	3.26125961	0.003980282537
80	142	3.26125961	0.003980282537
80	143	3.26125961	0.003980282537
80	144	3.26125961	0.003980282537
80	145	3.26125961	0.003980282537
80	146	3.26125961	0.003980282537
80	147	3.26125961	0.003980282537
80	148	3.26125961	0.003980282537
80	149	3.26125961	0.003980282537
80	150	3.26125961	0.003980282537
80	151	3.26125961	0.003980282537
80	152	3.26125961	0.003980282537
80	153	3.26125961	0.003980282537
80	154	3.26125961	0.003980282537
80	155	3.26125961	0.003980282537
80	156	3.26125961	0.003980282537
80	157	3.26125961	0.003980282537
80	158	3.26125961	0.003980282537
80	159	3.26125961	0.003980282537
80	160	3.26125961	0.003980282537
80	161	3.26125961	0.003980282537
80	162	3.26125961	0.003980282537
80	163	3.26125961	0.003980282537
80	164	3.26125961	0.003980282537
80	165	3.26125961	0.003980282537
80	166	3.26125961	0.003980282537
80	167	3.26125961	0.003980282537
80	168	3.26125961	0.003980282537
80	169	3.26125961	0.003980282537
80	170	3.26125961	0.003980282537
80	171	3.26125961	0.003980282537
80	172	3.26125961	0.003980282537
80	173	3.26125961	0.003980282537
80	174	3.26125961	0.003980282537
80	175	3.26125961	0.003980282537
80	176	3.26125961	0.003980282537
80	177	3.26125961	0.003980282537
80	178	3.26125961	0.003980282537
80	179	3.26125961	0.003980282537
80	180	3.26125961	0.003980282537
80	181	3.26125961	0.003980282537
80	182	3.26125961	0.003980282537
80	183	3.26125961	0.003980282537
80	184	3.26125961	0.003980282537
80	185	3.26125961	0.003980282537
80	186	3.26125961	0.003980282537
80	187	3.26125961	0.003980282537
80	188	3.26125961	0.003980282537
80	189	3.26125961	0.003980282537
80	190	3.26125961	0.003980282537
80	191	3.26125961	0.003980282537
80	192	3.26125961	0.003980282537
80	193	3.26125961	0.003980282537
80	194	3.26125961	0.003980282537
80	195	3.26125961	0.003980282537
80	196	3.26125961	0.003980282537
80	197	3.26125961	0.003980282537
80	198	3.26125961	0.003980282537
80	199	3.26125961	0.003980282537
80	200	3.26125961	0.003980282537
80	201	3.26125961	0.003980282537
80	202	3.26125961	0.003980282537
80	203	3.26125961	0.003980282537
80	204	3.26125961	0.003980282537
80	205	3.26125961	0.003980282537
80	206	3.26125961	0.003980282537
80	207	3.26125961	0.003980282537
80	208	3.26125961	0.003980282537
80	209	3.26125961	0.003980282537
80	210	3.26125961	0.003980282537
80	211	3.26125961	0.003980282537
80	212	3.26125961	0.003980282537
80	213	3.26125961	0.003980282537
80	214	3.26125961	0.003980282537
80	215	3.26125961	0.003980282537
80	216	3.26125961	0.003980282537
80	217	3.26125961	0.003980282537
80	218	3.26125961	0.003980282537
80	219	3.26125961	0.003980282537
80	220	3.26125961	0.003980282537
80	221	3.26125961	0.003980282537
80	222	3.26125961	0.003980282537
80	223	3.26125961	0.003980282537
80	224	3.26125961	0.003980282537
80	225	3.26125961	0.003980282537
80	226	3.26125961	0.003980282537
80	227	3.26125961	0.003980282537
80	228	3.26125961	0.003980282537
80	229	3.26125961	0.003980282537
80	230	3.26125961	0.003980282537
80	231	3.26125961	0.003980282537
80	232	3.26125961	0.003980282537
80	233	3.26125961	0.003980282537
80	234	3.26125961	0.003980282537
80	235	3.26125961	0.003980282537
80	236	3.26125961	0.003980282537
80	237	3.26125961	0.003980282537
80	238	3.26125961	0.003980282537
80	239	3.26125961	0.003980282537
80	240	3.26125961	0.003980282537
80	241	3.26125961	0.003980282537
80	242	3.26125961	0.003980282537
80	243	3.26125961	0.003980282537
80	244	3.26125961	0.003980282537
80	245	3.26125961	0.003980282537
80	246	3.26125961	0.003980282537
80	247	3.26125961	0.003980282537
80	248	3.26125961	0.003980282537
80	249	3.26125961	0.003980282537
80	250	3.26125961	0.003980282537
80	251	3.26125961	0.003980282537
80	252	3.26125961	0.003980282537
80	253	3.26125961	0.003980282537
80	254	3.26125961	0.003980282537
80	255	3.26125961	0.003980282537

90	0	3.261259605	0.003980281898
90	1	3.261259605	0.003980281898
90	2	3.261259605	0.003980281899
90	3	3.261259605	0.003980281901
90	4	3.261259605	0.003980281903
90	5	3.261259606	0.003980281906
90	6	3.261259606	0.003980281909
90	7	3.261259606	0.003980281912
90	8	3.261259607	0.003980281917
90	9	3.261259607	0.003980281921
90	10	3.261259607	0.003980281926
90	11	3.261259608	0.003980281932
90	12	3.261259608	0.003980281938
90	13	3.261259609	0.003980281944
90	14	3.26125961	0.003980281951
90	15	3.26125961	0.003980281958
90	16	3.261259611	0.003980281966
90	17	3.261259612	0.003980281974
90	18	3.261259612	0.003980281982
90	19	3.261259613	0.00398028199
90	20	3.261259614	0.003980281999
90	21	3.261259614	0.003980282009
90	22	3.261259615	0.003980282018
90	23	3.261259616	0.003980282028
90	24	3.261259616	0.003980282038
90	25	3.261259617	0.003980282048
90	26	3.261259618	0.003980282058
90	27	3.261259619	0.003980282069
90	28	3.261259619	0.003980282079
90	29	3.26125962	0.00398028209
90	30	3.261259621	0.003980282101
90	31	3.261259621	0.003980282112
90	32	3.261259622	0.003980282123
90	33	3.261259622	0.003980282134
90	34	3.261259623	0.003980282145
90	35	3.261259623	0.003980282156
90	36	3.261259624	0.003980282167
90	37	3.261259624	0.003980282178
90	38	3.261259625	0.003980282189
90	39	3.261259625	0.0039802822
90	40	3.261259625	0.003980282211
90	41	3.261259626	0.003980282222
90	42	3.261259626	0.003980282232
90	43	3.261259626	0.003980282243
90	44	3.261259626	0.003980282253
90	45	3.261259627	0.003980282263
90	46	3.261259627	0.003980282274
90	47	3.261259627	0.003980282283
90	48	3.261259627	0.003980282293
90	49	3.261259627	0.003980282303
90	50	3.261259627	0.003980282312
90	51	3.261259627	0.003980282321
90	52	3.261259627	0.00398028233
90	53	3.261259627	0.003980282339
90	54	3.261259627	0.003980282347
90	55	3.261259627	0.003980282355
90	56	3.261259626	0.003980282363
90	57	3.261259626	0.003980282371
90	58	3.261259626	0.003980282379
90	59	3.261259626	0.003980282386
90	60	3.261259625	0.003980282393
90	61	3.261259625	0.0039802824
90	62	3.261259625	0.003980282407
90	63	3.261259625	0.003980282413
90	64	3.261259624	0.00398028242
90	65	3.261259624	0.003980282425
90	66	3.261259624	0.003980282431
90	67	3.261259623	0.003980282437
90	68	3.261259623	0.003980282442
90	69	3.261259623	0.003980282447
90	70	3.261259622	0.003980282452
90	71	3.261259622	0.003980282457
90	72	3.261259622	0.003980282461
90	73	3.261259621	0.003980282466
90	74	3.261259621	0.00398028247
90	75	3.26125962	0.003980282473
90	76	3.26125962	0.003980282477
90	77	3.26125962	0.003980282481
90	78	3.261259619	0.003980282484
90	79	3.261259619	0.003980282487
90	80	3.261259619	0.00398028249
90	81	3.261259618	0.003980282493
90	82	3.261259618	0.003980282496
90	83	3.261259618	0.003980282499
90	84	3.261259617	0.003980282501
90	85	3.261259617	0.003980282503
90	86	3.261259617	0.003980282506
90	87	3.261259616	0.003980282508
90	88	3.261259616	0.00398028251
90	89	3.261259616	0.003980282512
90	90	3.261259615	0.003980282513
90	91	3.261259615	0.003980282515
90	92	3.261259615	0.003980282516
90	93	3.261259615	0.003980282518
90	94	3.261259614	0.003980282519
90	95	3.261259614	0.00398028252
90	96	3.261259614	0.003980282522
90	97	3.261259614	0.003980282523
90	98	3.261259614	0.003980282524
90	99	3.261259613	0.003980282525
90	100	3.261259613	0.003980282526
90	101	3.261259613	0.003980282527
90	102	3.261259613	0.003980282527
90	103	3.261259613	0.003980282528
90	104	3.261259612	0.003980282529
90	105	3.261259612	0.003980282529
90	106	3.261259612	0.00398028253
90	107	3.261259612	0.003980282531
90	108	3.261259612	0.003980282531
90	109	3.261259612	0.003980282532
90	110	3.261259612	0.003980282532
90	111	3.261259611	0.003980282532
90	112	3.261259611	0.003980282533
90	113	3.261259611	0.003980282533
90	114	3.261259611	0.003980282533
90	115	3.261259611	0.003980282534
90	116	3.261259611	0.003980282534
90	117	3.261259611	0.003980282534
90	118	3.261259611	0.003980282534
90	119	3.261259611	0.003980282535
90	120	3.261259611	0.003980282535
90	121	3.261259611	0.003980282535
90	122	3.261259611	0.003980282535
90	123	3.26125961	0.003980282535
90	124	3.26125961	0.003980282536
90	125	3.26125961	0.003980282536
90	126	3.26125961	0.003980282536
90	127	3.26125961	0.003980282536
90	128	3.26125961	0.003980282536
90	129	3.26125961	0.003980282536
90	130	3.26125961	0.003980282536
90	131	3.26125961	0.003980282536
90	132	3.26125961	0.003980282536
90	133	3.26125961	0.003980282536
90	134	3.26125961	0.003980282536
90	135	3.26125961	0.003980282536
90	136	3.26125961	0.003980282536
90	137	3.26125961	0.003980282536
90	138	3.26125961	0.003980282537
90	139	3.26125961	0.003980282537
90	140	3.26125961	0.003980282537
90	141	3.26125961	0.003980282537
90	142	3.26125961	0.003980282537
90	143	3.26125961	0.003980282537
90	144	3.26125961	0.003980282537
90	145	3.26125961	0.003980282537
90	146	3.26125961	0.003980282537
90	147	3.26125961	0.003980282537
90	148	3.26125961	0.003980282537
90	149	3.26125961	0.003980282537
90	150	3.26125961	0.003980282537
90	151	3.26125961	0.003980282537
90	152	3.26125961	0.003980282537
90	153	3.26125961	0.003980282537
90	154	3.26125961	0.003980282537
90	155	3.26125961	0.003980282537
90	156	3.26125961	0.003980282537
90	157	3.26125961	0.003980282537
90	158	3.26125961	0.003980282537
90	159	3.26125961	0.003980282537
90	160	3.26125961	0.003980282537
90	161	3.26125961	0.003980282537
90	162	3.26125961	0.003980282537
90	163	3.26125961	0.003980282537
90	164	3.26125961	0.003980282537
90	165	3.26125961	0.003980282537
90	166	3.26125961	0.003980282537
90	167	3.26125961	0.003980282537
90	168	3.26125961	0.003980282537
90	169	3.26125961	0.003980282537
90	170	3.26125961	0.003980282537
90	171	3.26125961	0.003980282537
90	172	3.26125961	0.003980282537
90	173	3.26125961	0.003980282537
90	174	3.26125961	0.003980282537
90	175	3.26125961	0.003980282537
90	176	3.26125961	0.003980282537
90	177	3.26125961	0.003980282537
90	178	3.26125961	0.003980282537
90	179	3.26125961	0.003980282537
90	180	3.26125961	0.003980282537
90	181	3.26125961	0.003980282537
90	182	3.26125961	0.003980282537
90	183	3.26125961	0.003980282537
90	184	3.26125961	0.003980282537
90	185	3.26125961	0.003980282537
90	186	3.26125961	0.003980282537
90	187	3.26125961	0.003980282537
90	188	3.26125961	0.003980282537
90	189	3.26125961	0.003980282537
90	190	3.26125961	0.003980282537
90	191	3.26125961	0.003980282537
90	192	3.26125961	0.003980282537
90	193	3.26125961	0.003980282537
90	194	3.26125961	0.003980282537
90	195	3.26125961	0.003980282537
90	196	3.26125961	0.003980282537
90	197	3.26125961	0.003980282537
90	198	3.26125961	0.003980282537
90	199	3.26125961	0.003980282537
90	200	3.26125961	0.003980282537
90	201	3.26125961	0.003980282537
90	202	3.26125961	0.003980282537
90	203	3.26125961	0.003980282537
90	204	3.26125961	0.003980282537
90	205	3.26125961	0.003980282537
90	206	3.26125961	0.003980282537
90	207	3.26125961	0.003980282537
90	208	3.26125961	0.003980282537
90	209	3.26125961	0.003980282537
90	210	3.26125961	0.003980282537
90	211	3.26125961	0.003980282537
90	212	3.26125961	0.003980282537
90	213	3.26125961	0.003980282537
90	214	3.26125961	0.003980282537
90	215	3.26125961	0.003980282537
90	216	3.26125961	0.003980282537
90	217	3.26125961	0.003980282537
90	218	3.26125961	0.003980282537
90	219	3.26125961	0.003980282537
90	220	3.26125961	0.003980282537
90	221	3.26125961	0.003980282537
90	222	3.26125961	0.003980282537
90	223	3.26125961	0.003980282537
90	224	3.26125961	0.003980282537
90	225	3.26125961	0.003980282537
90	226	3.26125961	0.003980282537
90	227	3.26125961	0.003980282537
90	228	3.26125961	0.003980282537
90	229	3.26125961	0.003980282537
90	230	3.26125961	0.003980282537
90	231	3.26125961	0.003980282537
90	232	3.26125961	0.003980282537
90	233	3.26125961	0.003980282537
90	234	3.26125961	0.003980282537
90	235	3.26125961	0.003980282537
90	236	3.26125961	0.003980282537
90	237	3.26125961	0.003980282537
90	238	3.26125961	0.003980282537
90	239	3.26125961	0.003980282537
90	240	3.26125961	0.003980282537
90	241	3.26125961	0.003980282537
90	242	3.26125961	0.003980282537
90	243	3.26125961	0.003980282537
90	244	3.26125961	0.003980282537
90	245	3.26125961	0.003980282537
90	246	3.26125961	0.003980282537
90	247	3.26125961	0.003980282537
90	248	3.26125961	0.003980282537
90	249	3.26125961	0.003980282537
90	250	3.26125961	0.003980282537
90	251	3.26125961	0.003980282537
90	252	3.26125961	0.003980282537
90	253	3.26125961	0.003980282537
90	254	3.26125961	0.003980282537
90	255	3.26125961	0.003980282537

100	0	3.261259605	0.003980281898
100	1	3.261259605	0.003980281898
100	2	3.261259605	0.003980281899
100	3	3.261259605	0.003980281901
100	4	3.261259605	0.003980281903
100	5	3.261259606	0.003980281906
100	6	3.261259606	0.003980281909
100	7	3.261259606	0.003980281912
100	8	3.261259607	0.003980281917
100	9	3.261259607	0.003980281921
100	10	3.261259607	0.003980281926
100	11	3.261259608	0.003980281932
100	12	3.261259608	0.003980281938
100	13	3.261259609	0.003980281944
100	14	3.26125961	0.003980281951
100	15	3.26125961	0.003980281958
100	16	3.261259611	0.003980281966
100	17	3.261259612	0.003980281974
100	18	3.261259612	0.003980281982
100	19	3.261259613	0.00398028199
100	20	3.261259614	0.003980281999
100	21	3.261259614	0.003980282009
100	22	3.261259615	0.003980282018
100	23	3.261259616	0.003980282028
100	24	3.261259616	0.003980282038
100	25	3.261259617	0.003980282048
100	26	3.261259618	0.003980282058
100	27	3.261259619	0.003980282069
100	28	3.261259619	0.003980282079
100	29	3.26125962	0.00398028209
100	30	3.261259621	0.003980282101
100	31	3.261259621	0.003980282112
100	32	3.261259622	0.003980282123
100	33	3.261259622	0.003980282134
100	34	3.261259623	0.003980282145
100	35	3.261259623	0.003980282156
100	36	3.261259624	0.003980282167
100	37	3.261259624	0.003980282178
100	38	3.261259625	0.003980282189
100	39	3.261259625	0.0039802822
100	40	3.261259625	0.003980282211
100	41	3.261259626	0.003980282222
100	42	3.261259626	0.003980282232
100	43	3.261259626	0.003980282243
100	44	3.261259626	0.003980282253
100	45	3.261259627	0.003980282263
100	46	3.261259627	0.003980282274
100	47	3.261259627	0.003980282283
100	48	3.261259627	0.003980282293
100	49	3.261259627	0.003980282303
100	50	3.261259627	0.003980282312
100	51	3.261259627	0.003980282321
100	52	3.261259627	0.00398028233
100	53	3.261259627	0.003980282339
100	54	3.261259627	0.003980282347
100	55	3.261259627	0.003980282355
100	56	3.261259626	0.003980282363
100	57	3.261259626	0.003980282371
100	58	3.261259626	0.003980282379
100	59	3.261259626	0.003980282386
100	60	3.261259625	0.003980282393
100	61	3.261259625	0.0039802824
100	62	3.261259625	0.003980282407
100	63	3.261259625	0.003980282413
100	64	3.261259624	0.00398028242
100	65	3.261259624	0.003980282425
100	66	3.261259624	0.003980282431
100	67	3.261259623	0.003980282437
100	68	3.261259623	0.003980282442
100	69	3.261259623	0.003980282447
100	70	3.261259622	0.003980282452
100	71	3.261259622	0.003980282457
100	72	3.261259622	0.003980282461
100	73	3.261259621	0.003980282466
100	74	3.261259621	0.00398028247
100	75	3.26125962	0.003980282473
100	76	3.26125962	0.003980282477
100	77	3.26125962	0.003980282481
100	78	3.261259619	0.003980282484
100	79	3.261259619	0.003980282487
100	80	3.261259619	0.00398028249
100	81	3.261259618	0.003980282493
100	82	3.261259618	0.003980282496
100	83	3.261259618	0.003980282499
100	84	3.261259617	0.003980282501
100	85	3.261259617	0.003980282503
100	86	3.261259617	0.003980282506
100	87	3.261259616	0.003980282508
100	88	3.261259616	0.00398028251
100	89	3.261259616	0.003980282512
100	90	3.261259615	0.003980282513
100	91	3.261259615	0.003980282515
100	92	3.261259615	0.003980282516
100	93	3.261259615	0.003980282518
100	94	3.261259614	0.003980282519
100	95	3.261259614	0.00398028252
100	96	3.261259614	0.003980282522
100	97	3.261259614	0.003980282523
100	98	3.261259614	0.003980282524
100	99	3.261259613	0.003980282525
100	100	3.261259613	0.003980282526
100	101	3.261259613	0.003980282527
100	102	3.261259613	0.003980282527
100	103	3.261259613	0.003980282528
100	104	3.261259612	0.003980282529
100	105	3.261259612	0.003980282529
100	106	3.261259612	0.00398028253
100	107	3.261259612	0.003980282531
100	108	3.261259612	0.003980282531
100	109	3.261259612	0.003980282532
100	110	3.261259612	0.003980282532
100	111	3.261259611	0.003980282532
100	112	3.261259611	0.003980282533
100	113	3.261259611	0.003980282533
100	114	3.261259611	0.003980282533
100	115	3.261259611	0.003980282534
100	116	3.261259611	0.003980282534
100	117	3.261259611	0.003980282534
100	118	3.261259611	0.003980282534
100	119	3.261259611	0.003980282535
100	120	3.261259611	0.003980282535
100	121	3.261259611	0.003980282535
100	122	3.261259611	0.003980282535
100	123	3.26125961	0.003980282535
100	124	3.26125961	0.003980282536
100	125	3.26125961	0.003980282536
100	126	3.26125961	0.003980282536
100	127	3.26125961	0.003980282536
100	128	3.26125961	0.003980282536
100	129	3.26125961	0.003980282536
100	130	3.26125961	0.003980282536
100	131	3.26125961	0.003980282536
100	132	3.26125961	0.003980282536
100	133	3.26125961	0.003980282536
100	134	3.26125961	0.003980282536
100	135	3.26125961	0.003980282536
100	136	3.26125961	0.003980282536
100	137	3.26125961	0.003980282536
100	138	3.26125961	0.003980282537
100	139	3.26125961	0.003980282537
100	140	3.26125961	0.003980282537
100	141	3.26125961	0.003980282537
100	142	3.26125961	0.003980282537
100	143	3.26125961	0.003980282537
100	144	3.26125961	0.003980282537
100	145	3.26125961	0.003980282537
100	146	3.26125961	0.003980282537
100	147	3.26125961	0.003980282537
100	148	3.26125961	0.003980282537
100	149	3.26125961	0.003980282537
100	150	3.26125961	0.003980282537
100	151	3.26125961	0.003980282537
100	152	3.26125961	0.003980282537
100	153	3.26125961	0.003980282537
100	154	3.26125961	0.003980282537
100	155	3.26125961	0.003980282537
100	156	3.26125961	0.003980282537
100	157	3.26125961	0.003980282537
100	158	3.26125961	0.003980282537
100	159	3.26125961	0.003980282537
100	160	3.26125961	0.003980282537
100	161	3.26125961	0.003980282537
100	162	3.26125961	0.003980282537
100	163	3.26125961	0.003980282537
100	164	3.26125961	0.003980282537
100	165	3.26125961	0.003980282537
100	166	3.26125961	0.003980282537
100	167	3.26125961	0.003980282537
100	168	3.26125961	0.003980282537
100	169	3.26125961	0.003980282537
100	170	3.26125961	0.003980282537
100	171	3.26125961	0.003980282537
100	172	3.26125961	0.003980282537
100	173	3.26125961	0.003980282537
100	174	3.26125961	0.003980282537
100	175	3.26125961	0.003980282537
100	176	3.26125961	0.003980282537
100	177	3.26125961	0.003980282537
100	178	3.26125961	0.003980282537
100	179	3.26125961	0.003980282537
100	180	3.26125961	0.003980282537
100	181	3.26125961	0.003980282537
100	182	3.26125961	0.003980282537
100	183	3.26125961	0.003980282537
100	184	3.26125961	0.003980282537
100	185	3.26125961	0.003980282537
100	186	3.26125961	0.003980282537
100	187	3.26125961	0.003980282537
100	188	3.26125961	0.003980282537
100	189	3.26125961	0.003980282537
100	190	3.26125961	0.003980282537
100	191	3.26125961	0.003980282537
100	192	3.26125961	0.003980282537
100	193	3.26125961	0.003980282537
100	194	3.26125961	0.003980282537
100	195	3.26125961	0.003980282537
100	196	3.26125961	0.003980282537
100	197	3.26125961	0.003980282537
100	198	3.26125961	0.003980282537
100	199	3.26125961	0.003980282537
100	200	3.26125961	0.003980282537
100	201	3.26125961	0.003980282537
100	202	3.26125961	0.003980282537
100	203	3.26125961	0.003980282537
100	204	3.26125961	0.003980282537
100	205	3.26125961	0.003980282537
100	206	3.26125961	0.003980282537
100	207	3.26125961	0.003980282537
100	208	3.26125961	0.003980282537
100	209	3.26125961	0.003980282537
100	210	3.26125961	0.003980282537
100	211	3.26125961	0.003980282537
100	212	3.26125961	0.003980282537
100	213	3.26125961	0.003980282537
100	214	3.26125961	0.003980282537
100	215	3.26125961	0.003980282537
100	216	3.26125961	0.003980282537
100	217	3.26125961	0.003980282537
100	218	3.26125961	0.003980282537
100	219	3.26125961	0.003980282537
100	220	3.26125961	0.003980282537
100	221	3.26125961	0.003980282537
100	222	3.26125961	0.003980282537
100	223	3.26125961	0.003980282537
100	224	3.26125961	0.003980282537
100	225	3.26125961	0.003980282537
100	226	3.26125961	0.003980282537
100	227	3.26125961	0.003980282537
100	228	3.26125961	0.003980282537
100	229	3.26125961	0.003980282537
100	230	3.26125961	0.003980282537
100	231	3.26125961	0.003980282537
100	232	3.26125961	0.003980282537
100	233	3.26125961	0.003980282537
100	234	3.26125961	0.003980282537
100	235	3.26125961	0.003980282537
100	236	3.26125961	0.003980282537
100	237	3.26125961	0.003980282537
100	238	3.26125961	0.003980282537
100	239	3.26125961	0.003980282537
100	240	3.26125961	0.003980282537
100	241	3.26125961	0.003980282537
100	242	3.26125961	0.003980282537
100	243	3.26125961	0.003980282537
100	244	3.26125961	0.003980282537
100	245	3.26125961	0.003980282537
100	246	3.26125961	0.003980282537
100	247	3.26125961	0.003980282537
100	248	3.26125961	0.003980282537
100	249	3.26125961	0.003980282537
100	250	3.26125961	0.003980282537
100	251	3.26125961	0.003980282537
100	252	3.26125961	0.003980282537
100	253	3.26125961	0.003980282537
100	254	3.26125961	0.003980282537
100	255	3.26125961	0.003980282537

