"time"	"celltype.cancer_cells.size"	"celltype.senescent_mesothelia.size"	"celltype.nonsenescent_mesothelia.size"	"time"
0	15	30	40	0
100	15	30	40	100
200	16	30	40	200
300	16	30	40	300
400	16	30	40	400
500	16	30	40	500
600	16	30	40	600
700	16	30	40	700
800	17	30	40	800
900	17	30	40	900
1000	18	30	40	1000
1100	18	30	40	1100
1200	18	30	40	1200
1300	18	30	40	1300
1400	18	30	40	1400
1500	18	30	40	1500
1600	18	30	40	1600
1700	18	30	40	1700
1800	18	30	40	1800
1900	18	30	40	1900
2000	18	30	40	2000
2100	18	30	40	2100
2200	18	30	40	2200
2300	18	30	40	2300
2400	18	30	40	2400
2500	18	30	40	2500
2600	18	30	40	2600
2700	19	30	40	2700
2800	20	30	40	2800
2900	20	30	40	2900
3000	20	30	40	3000
3100	20	30	40	3100
3200	20	30	40	3200
3300	21	30	40	3300
3400	21	30	40	3400
3500	22	30	40	3500
3600	22	30	40	3600
3700	23	30	40	3700
3800	23	30	40	3800
3900	23	30	40	3900
4000	23	30	40	4000
4100	25	30	40	4100
4200	25	30	40	4200
4300	26	30	40	4300
4400	27	30	40	4400
4500	27	30	40	4500
4600	29	30	40	4600
4700	29	30	40	4700
4800	29	30	40	4800
4900	29	30	40	4900
5000	30	30	40	5000
5100	31	30	40	5100
5200	31	30	40	5200
5300	31	30	40	5300
5400	32	30	40	5400
5500	32	30	40	5500
5600	32	30	40	5600
5700	32	30	40	5700
5800	32	30	40	5800
5900	32	30	40	5900
6000	32	30	40	6000
6100	32	30	40	6100
6200	32	30	40	6200
6300	32	30	40	6300
6400	32	30	40	6400
6500	32	30	40	6500
6600	32	30	40	6600
6700	32	30	40	6700
6800	32	30	40	6800
6900	32	30	40	6900
7000	32	30	40	7000
7100	32	30	40	7100
7200	32	30	40	7200
7300	32	30	40	7300
7400	33	30	40	7400
7500	33	30	40	7500
7600	33	30	40	7600
7700	33	30	40	7700
7800	33	30	40	7800
7900	33	30	40	7900
8000	33	30	40	8000
8100	33	30	40	8100
8200	35	30	40	8200
8300	35	30	40	8300
8400	35	30	40	8400
8500	36	30	40	8500
8600	36	30	40	8600
8700	36	30	40	8700
8800	36	30	40	8800
8900	36	30	40	8900
9000	36	30	40	9000
9100	37	30	40	9100
9200	37	30	40	9200
9300	38	30	40	9300
9400	38	30	40	9400
9500	39	30	40	9500
9600	39	30	40	9600
9700	41	30	40	9700
9800	41	30	40	9800
9900	41	30	40	9900
10000	41	30	40	10000
10100	42	30	40	10100
10200	42	30	40	10200
10300	42	30	40	10300
10400	43	30	40	10400
10500	45	30	40	10500
10600	46	30	40	10600
10700	47	30	40	10700
10800	47	30	40	10800
10900	47	30	40	10900
11000	47	30	40	11000
11100	47	30	40	11100
11200	47	30	40	11200
11300	47	30	40	11300
11400	48	30	40	11400
11500	50	30	40	11500
11600	50	30	40	11600
11700	50	30	40	11700
11800	51	30	40	11800
11900	51	30	40	11900
12000	51	30	40	12000
12100	51	30	40	12100
12200	52	30	40	12200
12300	52	30	40	12300
12400	52	30	40	12400
12500	53	30	40	12500
12600	54	30	40	12600
12700	55	30	40	12700
12800	56	30	40	12800
12900	56	30	40	12900
13000	56	30	40	13000
13100	57	30	40	13100
13200	57	30	40	13200
13300	57	30	40	13300
13400	57	30	40	13400
13500	57	30	40	13500
13600	57	30	40	13600
13700	59	30	40	13700
13800	59	30	40	13800
13900	59	30	40	13900
14000	59	30	40	14000
14100	60	30	40	14100
14200	60	30	40	14200
14300	61	30	40	14300
14400	61	30	40	14400
14500	61	30	40	14500
14600	62	30	40	14600
14700	62	30	40	14700
14800	63	30	40	14800
14900	63	30	40	14900
15000	64	30	40	15000
15100	65	30	40	15100
15200	65	30	40	15200
15300	65	30	40	15300
15400	65	30	40	15400
15500	65	30	40	15500
15600	65	30	40	15600
15700	65	30	40	15700
15800	66	30	40	15800
15900	67	30	40	15900
16000	67	30	40	16000
16100	67	30	40	16100
16200	67	30	40	16200
16300	68	30	40	16300
16400	69	30	40	16400
16500	69	30	40	16500
16600	69	30	40	16600
16700	69	30	40	16700
16800	70	30	40	16800
16900	73	30	40	16900
17000	73	30	40	17000
17100	73	30	40	17100
17200	73	30	40	17200
17300	73	30	40	17300
17400	73	30	40	17400
17500	73	30	40	17500
17600	73	30	40	17600
17700	73	30	40	17700
17800	75	30	40	17800
17900	75	30	40	17900
18000	75	30	40	18000
18100	77	30	40	18100
18200	77	30	40	18200
18300	77	30	40	18300
18400	78	30	40	18400
18500	78	30	40	18500
18600	80	30	40	18600
18700	81	30	40	18700
18800	81	30	40	18800
18900	81	30	40	18900
19000	82	30	40	19000
19100	82	30	40	19100
19200	82	30	40	19200
19300	82	30	40	19300
19400	83	30	40	19400
19500	83	30	40	19500
19600	85	30	40	19600
19700	85	30	40	19700
19800	85	30	40	19800
19900	86	30	40	19900
20000	86	30	40	20000
20100	87	30	40	20100
20200	88	30	40	20200
20300	90	30	40	20300
20400	91	30	40	20400
20500	91	30	40	20500
20600	92	30	40	20600
20700	95	30	40	20700
20800	96	30	40	20800
20900	96	30	40	20900
21000	98	30	40	21000
21100	98	30	40	21100
21200	98	30	40	21200
21300	98	30	40	21300
21400	98	30	40	21400
21500	98	30	40	21500
21600	98	30	40	21600
21700	98	30	40	21700
21800	99	30	40	21800
21900	101	30	40	21900
22000	103	30	40	22000
22100	103	30	40	22100
22200	104	30	40	22200
22300	105	30	40	22300
22400	105	30	40	22400
22500	106	30	40	22500
22600	106	30	40	22600
22700	107	30	40	22700
22800	108	30	40	22800
22900	109	30	40	22900
23000	112	30	40	23000
23100	115	30	40	23100
23200	115	30	40	23200
23300	116	30	40	23300
23400	117	30	40	23400
23500	119	30	40	23500
23600	120	30	40	23600
23700	120	30	40	23700
23800	120	30	40	23800
23900	120	30	40	23900
24000	122	30	40	24000
24100	122	30	40	24100
24200	123	30	40	24200
24300	123	30	40	24300
24400	124	30	40	24400
24500	125	30	40	24500
24600	125	30	40	24600
24700	125	30	40	24700
24800	126	30	40	24800
24900	128	30	40	24900
25000	128	30	40	25000
25100	131	30	40	25100
25200	132	30	40	25200
25300	134	30	40	25300
25400	135	30	40	25400
25500	135	30	40	25500
25600	136	30	40	25600
25700	136	30	40	25700
25800	138	30	40	25800
25900	138	30	40	25900
26000	140	30	40	26000
26100	142	30	40	26100
26200	144	30	40	26200
26300	146	30	40	26300
26400	147	30	40	26400
26500	148	30	40	26500
26600	148	30	40	26600
26700	148	30	40	26700
26800	148	30	40	26800
26900	150	30	40	26900
27000	152	30	40	27000
27100	154	30	40	27100
27200	155	30	40	27200
27300	155	30	40	27300
27400	157	30	40	27400
27500	159	30	40	27500
27600	161	30	40	27600
27700	163	30	40	27700
27800	164	30	40	27800
27900	165	30	40	27900
28000	167	30	40	28000
28100	170	30	40	28100
28200	171	30	40	28200
28300	173	30	40	28300
28400	174	30	40	28400
28500	178	30	40	28500
28600	179	30	40	28600
28700	180	30	40	28700
28800	180	30	40	28800
28900	182	30	40	28900
29000	183	30	40	29000
29100	184	30	40	29100
29200	187	30	40	29200
29300	188	30	40	29300
29400	188	30	40	29400
29500	191	30	40	29500
29600	193	30	40	29600
29700	194	30	40	29700
29800	199	30	40	29800
29900	200	30	40	29900
30000	201	30	40	30000
30100	203	30	40	30100
30200	205	30	40	30200
30300	210	30	40	30300
30400	211	30	40	30400
30500	216	30	40	30500
30600	217	30	40	30600
30700	218	30	40	30700
30800	220	30	40	30800
30900	222	30	40	30900
31000	222	30	40	31000
31100	224	30	40	31100
31200	226	30	40	31200
31300	227	30	40	31300
31400	231	30	40	31400
31500	231	30	40	31500
31600	232	30	40	31600
31700	233	30	40	31700
31800	234	30	40	31800
31900	234	30	40	31900
32000	239	30	40	32000
32100	241	30	40	32100
32200	242	30	40	32200
32300	245	30	40	32300
32400	247	30	40	32400
32500	249	30	40	32500
32600	251	30	40	32600
32700	253	30	40	32700
32800	255	30	40	32800
32900	258	30	40	32900
33000	261	30	40	33000
33100	264	30	40	33100
33200	265	30	40	33200
33300	270	30	40	33300
33400	273	30	40	33400
33500	275	30	40	33500
33600	275	30	40	33600
33700	276	30	40	33700
33800	279	30	40	33800
33900	280	30	40	33900
34000	282	30	40	34000
34100	288	30	40	34100
34200	289	30	40	34200
34300	290	30	40	34300
34400	293	30	40	34400
34500	296	30	40	34500
34600	298	30	40	34600
34700	301	30	40	34700
34800	302	30	40	34800
34900	303	30	40	34900
35000	304	30	40	35000
35100	306	30	40	35100
35200	310	30	40	35200
35300	311	30	40	35300
35400	313	30	40	35400
35500	314	30	40	35500
35600	317	30	40	35600
35700	318	30	40	35700
35800	321	30	40	35800
35900	323	30	40	35900
36000	327	30	40	36000
36100	330	30	40	36100
36200	333	30	40	36200
36300	336	30	40	36300
36400	337	30	40	36400
36500	339	30	40	36500
36600	340	30	40	36600
36700	343	30	40	36700
36800	345	30	40	36800
36900	346	30	40	36900
37000	351	30	40	37000
37100	353	30	40	37100
37200	358	30	40	37200
37300	361	30	40	37300
37400	363	30	40	37400
37500	366	30	40	37500
37600	369	30	40	37600
37700	371	30	40	37700
37800	374	30	40	37800
37900	374	30	40	37900
38000	379	30	40	38000
38100	382	30	40	38100
38200	387	30	40	38200
38300	390	30	40	38300
38400	392	30	40	38400
38500	397	30	40	38500
38600	399	30	40	38600
38700	401	30	40	38700
38800	404	30	40	38800
38900	407	30	40	38900
39000	410	30	40	39000
39100	414	30	40	39100
39200	418	30	40	39200
39300	422	30	40	39300
39400	425	30	40	39400
39500	426	30	40	39500
39600	428	30	40	39600
39700	434	30	40	39700
39800	436	30	40	39800
39900	438	30	40	39900
40000	438	30	40	40000
40100	440	30	40	40100
40200	442	30	40	40200
40300	446	30	40	40300
40400	449	30	40	40400
40500	452	30	40	40500
40600	456	30	40	40600
40700	460	30	40	40700
40800	466	30	40	40800
40900	473	30	40	40900
41000	477	30	40	41000
41100	483	30	40	41100
41200	487	30	40	41200
41300	490	30	40	41300
41400	492	30	40	41400
41500	494	30	40	41500
41600	500	30	40	41600
41700	503	30	40	41700
41800	508	30	40	41800
41900	515	30	40	41900
42000	521	30	40	42000
42100	524	30	40	42100
42200	526	30	40	42200
42300	531	30	40	42300
42400	533	30	40	42400
42500	537	30	40	42500
42600	539	30	40	42600
42700	540	30	40	42700
42800	541	30	40	42800
42900	542	30	40	42900
43000	543	30	40	43000
43100	551	30	40	43100
43200	553	30	40	43200
43300	555	30	40	43300
43400	555	30	40	43400
43500	564	30	40	43500
43600	569	30	40	43600
43700	575	30	40	43700
43800	582	30	40	43800
43900	586	30	40	43900
44000	591	30	40	44000
44100	593	30	40	44100
44200	599	30	40	44200
44300	603	30	40	44300
44400	612	30	40	44400
44500	617	30	40	44500
44600	622	30	40	44600
44700	624	30	40	44700
44800	632	30	40	44800
44900	640	30	40	44900
45000	646	30	40	45000
45100	650	30	40	45100
45200	653	30	40	45200
45300	657	30	40	45300
45400	666	30	40	45400
45500	670	30	40	45500
45600	674	30	40	45600
45700	681	30	40	45700
45800	685	30	40	45800
45900	688	30	40	45900
46000	697	30	40	46000
46100	701	30	40	46100
46200	703	30	40	46200
46300	709	30	40	46300
46400	715	30	40	46400
46500	720	30	40	46500
46600	722	30	40	46600
46700	727	30	40	46700
46800	733	30	40	46800
46900	738	30	40	46900
47000	744	30	40	47000
47100	751	30	40	47100
47200	760	30	40	47200
47300	767	30	40	47300
47400	775	30	40	47400
47500	778	30	40	47500
47600	786	30	40	47600
47700	794	30	40	47700
47800	800	30	40	47800
47900	807	30	40	47900
48000	821	30	40	48000
48100	830	30	40	48100
48200	831	30	40	48200
48300	836	30	40	48300
48400	848	30	40	48400
48500	855	30	40	48500
48600	864	30	40	48600
48700	867	30	40	48700
48800	872	30	40	48800
48900	879	30	40	48900
49000	881	30	40	49000
49100	888	30	40	49100
49200	898	30	40	49200
49300	910	30	40	49300
49400	918	30	40	49400
49500	926	30	40	49500
49600	932	30	40	49600
49700	940	30	40	49700
49800	950	30	40	49800
49900	963	30	40	49900
50000	974	30	40	50000
